-- MySQL dump 10.13  Distrib 8.0.23, for Win64 (x86_64)
--
-- Host: 127.0.0.1    Database: dad
-- ------------------------------------------------------
-- Server version	8.0.23

/*!40101 SET @OLD_CHARACTER_SET_CLIENT=@@CHARACTER_SET_CLIENT */;
/*!40101 SET @OLD_CHARACTER_SET_RESULTS=@@CHARACTER_SET_RESULTS */;
/*!40101 SET @OLD_COLLATION_CONNECTION=@@COLLATION_CONNECTION */;
/*!50503 SET NAMES utf8 */;
/*!40103 SET @OLD_TIME_ZONE=@@TIME_ZONE */;
/*!40103 SET TIME_ZONE='+00:00' */;
/*!40014 SET @OLD_UNIQUE_CHECKS=@@UNIQUE_CHECKS, UNIQUE_CHECKS=0 */;
/*!40014 SET @OLD_FOREIGN_KEY_CHECKS=@@FOREIGN_KEY_CHECKS, FOREIGN_KEY_CHECKS=0 */;
/*!40101 SET @OLD_SQL_MODE=@@SQL_MODE, SQL_MODE='NO_AUTO_VALUE_ON_ZERO' */;
/*!40111 SET @OLD_SQL_NOTES=@@SQL_NOTES, SQL_NOTES=0 */;

--
-- Table structure for table `board`
--

DROP TABLE IF EXISTS `board`;
/*!40101 SET @saved_cs_client     = @@character_set_client */;
/*!50503 SET character_set_client = utf8mb4 */;
CREATE TABLE `board` (
  `id` int NOT NULL AUTO_INCREMENT,
  `id_coordinates` int DEFAULT NULL,
  `maxPower` decimal(6,2) NOT NULL,
  `board_code` varchar(45) COLLATE utf8_spanish_ci NOT NULL,
  PRIMARY KEY (`id`),
  UNIQUE KEY `board_code_UNIQUE` (`board_code`),
  KEY `fk_coordinates` (`id_coordinates`),
  CONSTRAINT `fk_coordinates` FOREIGN KEY (`id_coordinates`) REFERENCES `coordinates` (`id`) ON DELETE SET NULL ON UPDATE CASCADE
) ENGINE=InnoDB AUTO_INCREMENT=12 DEFAULT CHARSET=utf8 COLLATE=utf8_spanish_ci;
/*!40101 SET character_set_client = @saved_cs_client */;

--
-- Dumping data for table `board`
--

LOCK TABLES `board` WRITE;
/*!40000 ALTER TABLE `board` DISABLE KEYS */;
INSERT INTO `board` VALUES (2,1,0.65,'asd'),(5,2,33.00,'ads'),(7,1,14.14,'123'),(8,2,14.00,'ewer');
/*!40000 ALTER TABLE `board` ENABLE KEYS */;
UNLOCK TABLES;

--
-- Table structure for table `board_production`
--

DROP TABLE IF EXISTS `board_production`;
/*!40101 SET @saved_cs_client     = @@character_set_client */;
/*!50503 SET character_set_client = utf8mb4 */;
CREATE TABLE `board_production` (
  `id` int NOT NULL AUTO_INCREMENT,
  `id_board` int NOT NULL,
  `positionServoE` int NOT NULL,
  `positionServoA` int NOT NULL,
  `date` datetime NOT NULL,
  `production` float NOT NULL,
  PRIMARY KEY (`id`),
  KEY `fk_board_production` (`id_board`),
  CONSTRAINT `fk_board_production` FOREIGN KEY (`id_board`) REFERENCES `board` (`id`) ON UPDATE CASCADE
) ENGINE=InnoDB AUTO_INCREMENT=4 DEFAULT CHARSET=utf8 COLLATE=utf8_spanish_ci;
/*!40101 SET character_set_client = @saved_cs_client */;

--
-- Dumping data for table `board_production`
--

LOCK TABLES `board_production` WRITE;
/*!40000 ALTER TABLE `board_production` DISABLE KEYS */;
INSERT INTO `board_production` VALUES (1,5,120,10,'2021-12-10 11:15:00',25.3),(2,2,10,0,'2021-12-10 11:00:00',10);
/*!40000 ALTER TABLE `board_production` ENABLE KEYS */;
UNLOCK TABLES;

--
-- Table structure for table `coordinates`
--

DROP TABLE IF EXISTS `coordinates`;
/*!40101 SET @saved_cs_client     = @@character_set_client */;
/*!50503 SET character_set_client = utf8mb4 */;
CREATE TABLE `coordinates` (
  `id` int NOT NULL AUTO_INCREMENT,
  `latitude` float NOT NULL,
  `longitude` float NOT NULL,
  `description` varchar(45) COLLATE utf8_spanish_ci NOT NULL,
  PRIMARY KEY (`id`)
) ENGINE=InnoDB AUTO_INCREMENT=8 DEFAULT CHARSET=utf8 COLLATE=utf8_spanish_ci;
/*!40101 SET character_set_client = @saved_cs_client */;

--
-- Dumping data for table `coordinates`
--

LOCK TABLES `coordinates` WRITE;
/*!40000 ALTER TABLE `coordinates` DISABLE KEYS */;
INSERT INTO `coordinates` VALUES (1,30,35,'prueba'),(2,30,30,'prueba2'),(3,35,35,'prueba3'),(4,40,40,'prueba4'),(6,-3.5661,-1.25656,'prueba5'),(7,37.4124,-5.98651,'prueba6');
/*!40000 ALTER TABLE `coordinates` ENABLE KEYS */;
UNLOCK TABLES;

--
-- Table structure for table `log`
--

DROP TABLE IF EXISTS `log`;
/*!40101 SET @saved_cs_client     = @@character_set_client */;
/*!50503 SET character_set_client = utf8mb4 */;
CREATE TABLE `log` (
  `id` int NOT NULL AUTO_INCREMENT,
  `id_board` int NOT NULL,
  `date` datetime NOT NULL,
  `issue` longtext CHARACTER SET utf8 COLLATE utf8_spanish_ci NOT NULL,
  PRIMARY KEY (`id`),
  KEY `pk_board` (`id_board`),
  CONSTRAINT `pk_board` FOREIGN KEY (`id_board`) REFERENCES `board` (`id`) ON UPDATE CASCADE
) ENGINE=InnoDB AUTO_INCREMENT=11 DEFAULT CHARSET=utf8 COLLATE=utf8_spanish_ci;
/*!40101 SET character_set_client = @saved_cs_client */;

--
-- Dumping data for table `log`
--

LOCK TABLES `log` WRITE;
/*!40000 ALTER TABLE `log` DISABLE KEYS */;
INSERT INTO `log` VALUES (4,2,'2021-04-30 16:30:00','Log prueba sin ID'),(5,2,'2021-04-30 16:30:00','Log prueba sin ID 2'),(6,2,'2021-04-30 16:30:00','Log prueba sin ID 3'),(7,2,'2021-05-23 12:43:22','Log prueba sin date'),(8,2,'2021-05-23 12:46:43','Log prueba sin date 2'),(10,2,'2021-06-03 17:25:37','Log prueba sin date 3');
/*!40000 ALTER TABLE `log` ENABLE KEYS */;
UNLOCK TABLES;

--
-- Table structure for table `sunposition`
--

DROP TABLE IF EXISTS `sunposition`;
/*!40101 SET @saved_cs_client     = @@character_set_client */;
/*!50503 SET character_set_client = utf8mb4 */;
CREATE TABLE `sunposition` (
  `id` int NOT NULL AUTO_INCREMENT,
  `id_coordinates` int NOT NULL,
  `date` datetime NOT NULL,
  `elevation` float NOT NULL,
  `azimut` float NOT NULL,
  PRIMARY KEY (`id`),
  KEY `fk_coordinates` (`id_coordinates`),
  CONSTRAINT `fk_id_coordinates` FOREIGN KEY (`id_coordinates`) REFERENCES `coordinates` (`id`) ON DELETE CASCADE ON UPDATE CASCADE
) ENGINE=InnoDB AUTO_INCREMENT=272 DEFAULT CHARSET=utf8 COLLATE=utf8_spanish_ci;
/*!40101 SET character_set_client = @saved_cs_client */;

--
-- Dumping data for table `sunposition`
--

LOCK TABLES `sunposition` WRITE;
/*!40000 ALTER TABLE `sunposition` DISABLE KEYS */;
INSERT INTO `sunposition` VALUES (1,2,'2021-04-30 17:00:00',1.5,12),(2,3,'2020-04-28 17:00:00',10,58),(3,1,'2020-04-20 12:00:00',40,15),(4,2,'1212-12-12 12:12:12',4.8,14),(5,4,'1212-12-12 12:12:12',4.8,14.7),(6,4,'1212-12-12 12:12:12',4.8,14.7),(8,1,'2021-05-24 07:20:00',12.31,73.08),(9,1,'2021-05-24 07:40:00',16.14,75.85),(10,1,'2021-05-24 08:00:00',20.02,78.6),(11,1,'2021-05-24 08:20:00',23.93,81.36),(12,1,'2021-05-24 08:40:00',27.87,84.15),(13,1,'2021-05-24 09:00:00',31.83,87.01),(14,1,'2021-05-24 09:20:00',35.8,89.98),(15,1,'2021-05-24 09:40:00',39.77,93.09),(16,1,'2021-05-24 10:00:00',43.73,96.42),(17,1,'2021-05-24 10:20:00',47.66,100.04),(18,1,'2021-05-24 10:40:00',51.54,104.05),(19,1,'2021-05-24 11:00:00',55.36,108.59),(20,1,'2021-05-24 11:20:00',59.06,113.86),(21,1,'2021-05-24 11:40:00',62.6,120.13),(22,1,'2021-05-24 12:00:00',65.9,127.76),(23,1,'2021-05-24 12:20:00',68.83,137.23),(24,1,'2021-05-24 12:40:00',71.23,149.02),(25,1,'2021-05-24 13:00:00',72.84,163.28),(26,1,'2021-05-24 13:20:00',73.45,179.31),(27,1,'2021-05-24 13:40:00',72.94,195.42),(28,1,'2021-05-24 14:00:00',71.41,209.88),(29,1,'2021-05-24 14:20:00',69.07,221.89),(30,1,'2021-05-24 14:40:00',66.18,231.55),(31,1,'2021-05-24 15:00:00',62.91,239.33),(32,1,'2021-05-24 15:20:00',59.38,245.7),(33,1,'2021-05-24 15:40:00',55.69,251.05),(34,1,'2021-05-24 16:00:00',51.89,255.64),(35,1,'2021-05-24 16:20:00',48.01,259.69),(36,1,'2021-05-24 16:40:00',44.09,263.34),(37,1,'2021-05-24 17:00:00',40.13,266.7),(38,1,'2021-05-24 17:20:00',36.16,269.83),(39,1,'2021-05-24 17:40:00',32.2,272.81),(40,1,'2021-05-24 18:00:00',28.24,275.68),(41,1,'2021-05-24 18:20:00',24.3,278.48),(42,1,'2021-05-24 18:40:00',20.39,281.24),(43,1,'2021-05-24 19:00:00',16.51,283.99),(44,1,'2021-05-24 19:20:00',12.69,286.76),(45,1,'2021-05-24 19:40:00',8.92,289.56),(46,1,'2021-05-24 23:00:00',5.21,292.43),(47,1,'2021-05-24 23:20:00',1.58,295.37),(48,1,'2021-05-24 23:40:00',-1.96,298.42),(49,1,'2021-05-25 00:00:00',-5.4,301.59),(50,1,'2021-05-25 00:20:00',-8.72,304.9),(51,1,'2021-05-25 00:40:00',0,0),(52,1,'2021-05-25 07:20:00',12.4,72.92),(53,1,'2021-05-25 07:40:00',16.23,75.68),(54,1,'2021-05-25 08:00:00',20.1,78.42),(55,1,'2021-05-25 08:20:00',24.01,81.18),(56,1,'2021-05-25 08:40:00',27.94,83.96),(57,1,'2021-05-25 09:00:00',31.9,86.81),(58,1,'2021-05-25 09:20:00',35.87,89.77),(59,1,'2021-05-25 09:40:00',39.84,92.88),(60,1,'2021-05-25 10:00:00',43.8,96.2),(61,1,'2021-05-25 10:20:00',47.74,99.8),(62,1,'2021-05-25 10:40:00',51.63,103.79),(63,1,'2021-05-25 11:00:00',55.44,108.31),(64,1,'2021-05-25 11:20:00',59.15,113.56),(65,1,'2021-05-25 11:40:00',62.71,119.8),(66,1,'2021-05-25 12:00:00',66.02,127.42),(67,1,'2021-05-25 12:20:00',68.97,136.89),(68,1,'2021-05-25 12:40:00',71.38,148.71),(69,1,'2021-05-25 13:00:00',73.01,163.06),(70,1,'2021-05-25 13:20:00',73.63,179.22),(71,1,'2021-05-25 13:40:00',73.12,195.48),(72,1,'2021-05-25 14:00:00',71.58,210.05),(73,1,'2021-05-25 14:20:00',69.23,222.12),(74,1,'2021-05-25 14:40:00',66.33,231.81),(75,1,'2021-05-25 15:00:00',63.05,239.58),(76,1,'2021-05-25 15:20:00',59.51,245.94),(77,1,'2021-05-25 15:40:00',55.82,251.28),(78,1,'2021-05-25 16:00:00',52.01,255.86),(79,1,'2021-05-25 16:20:00',48.13,259.9),(80,1,'2021-05-25 16:40:00',44.2,263.54),(81,1,'2021-05-25 17:00:00',40.25,266.88),(82,1,'2021-05-25 17:20:00',36.28,270.01),(83,1,'2021-05-25 17:40:00',32.31,272.98),(84,1,'2021-05-25 18:00:00',28.35,275.84),(85,1,'2021-05-25 18:20:00',24.41,278.63),(86,1,'2021-05-25 18:40:00',20.51,281.39),(87,1,'2021-05-25 19:00:00',16.63,284.13),(88,1,'2021-05-25 19:20:00',12.81,286.89),(89,1,'2021-05-25 19:40:00',9.04,289.69),(90,1,'2021-05-25 20:00:00',5.34,292.55),(91,1,'2021-05-25 20:20:00',1.71,295.5),(92,1,'2021-05-25 20:40:00',-1.82,298.54),(93,1,'2021-05-25 21:00:00',-5.26,301.7),(94,1,'2021-05-25 21:20:00',-8.57,305.01),(95,1,'2021-05-25 21:40:00',0,0),(96,1,'2021-05-30 07:20:00',12.76,72.16),(97,1,'2021-05-30 07:40:00',16.57,74.9),(98,1,'2021-05-30 08:00:00',20.42,77.62),(99,1,'2021-05-30 08:20:00',24.32,80.34),(100,1,'2021-05-30 08:40:00',28.25,83.1),(101,1,'2021-05-30 09:00:00',32.21,85.91),(102,1,'2021-05-30 09:20:00',36.17,88.83),(103,1,'2021-05-30 09:40:00',40.15,91.88),(104,1,'2021-05-30 10:00:00',44.11,95.14),(105,1,'2021-05-30 10:20:00',48.05,98.67),(106,1,'2021-05-30 10:40:00',51.96,102.58),(107,1,'2021-05-30 11:00:00',55.8,107),(108,1,'2021-05-30 11:20:00',59.54,112.14),(109,1,'2021-05-30 11:40:00',63.13,118.27),(110,1,'2021-05-30 12:00:00',66.51,125.79),(111,1,'2021-05-30 12:20:00',69.53,135.22),(112,1,'2021-05-30 12:40:00',72.03,147.14),(113,1,'2021-05-30 13:00:00',73.75,161.85),(114,1,'2021-05-30 13:20:00',74.43,178.65),(115,1,'2021-05-30 13:40:00',73.93,195.64),(116,1,'2021-05-30 14:00:00',72.36,210.75),(117,1,'2021-05-30 14:20:00',69.97,223.12),(118,1,'2021-05-30 14:40:00',67.02,232.91),(119,1,'2021-05-30 15:00:00',63.69,240.69),(120,1,'2021-05-30 15:20:00',60.13,247.01),(121,1,'2021-05-30 15:40:00',56.4,252.29),(122,1,'2021-05-30 16:00:00',52.58,256.81),(123,1,'2021-05-30 16:20:00',48.68,260.79),(124,1,'2021-05-30 16:40:00',44.75,264.38),(125,1,'2021-05-30 17:00:00',40.79,267.67),(126,1,'2021-05-30 17:20:00',36.82,270.76),(127,1,'2021-05-30 17:40:00',32.85,273.69),(128,1,'2021-05-30 18:00:00',28.9,276.52),(129,1,'2021-05-30 18:20:00',24.97,279.28),(130,1,'2021-05-30 18:40:00',21.07,282.01),(131,1,'2021-05-30 19:00:00',17.2,284.73),(132,1,'2021-05-30 19:20:00',13.39,287.47),(133,1,'2021-05-30 19:40:00',9.63,290.25),(134,1,'2021-05-30 20:00:00',5.94,293.09),(135,1,'2021-05-30 20:20:00',2.33,296.01),(136,1,'2021-05-30 20:40:00',-1.19,299.03),(137,1,'2021-05-30 21:00:00',-4.6,302.18),(138,1,'2021-05-30 21:20:00',-7.9,305.46),(139,1,'2021-05-30 21:40:00',0,0),(140,1,'2021-06-03 11:40:00',12.95,71.62),(141,1,'2021-06-03 11:41:00',16.75,74.35),(142,1,'2021-06-03 11:42:00',20.6,77.06),(143,1,'2021-06-03 11:43:00',24.49,79.76),(144,1,'2021-06-03 11:44:00',28.41,82.5),(145,1,'2021-06-03 11:45:00',32.36,85.29),(146,1,'2021-06-03 11:46:00',36.33,88.17),(147,1,'2021-06-03 11:47:00',40.3,91.19),(148,1,'2021-06-03 11:48:00',44.26,94.4),(149,1,'2021-06-03 11:49:00',48.21,97.88),(150,1,'2021-06-03 11:50:00',52.13,101.73),(151,1,'2021-06-03 11:51:00',55.98,106.08),(152,1,'2021-06-03 11:51:00',59.75,111.13),(153,1,'2021-06-03 11:53:00',63.37,117.17),(154,1,'2021-06-03 11:54:00',66.78,124.59),(155,1,'2021-06-03 11:55:00',69.86,133.96),(156,1,'2021-06-03 11:56:00',72.43,145.91),(157,1,'2021-06-03 11:57:00',74.22,160.82),(158,1,'2021-06-03 11:58:00',74.96,178.05),(159,1,'2021-06-03 11:59:00',74.48,195.57),(160,1,'2021-06-03 12:01:00',72.9,211.1),(161,1,'2021-06-03 12:02:00',70.48,223.69),(162,1,'2021-06-03 12:03:00',67.5,233.57),(163,1,'2021-06-03 12:04:00',64.15,241.37),(164,1,'2021-06-03 12:05:00',60.56,247.68),(165,1,'2021-06-03 12:06:00',56.83,252.92),(166,1,'2021-06-03 12:07:00',52.99,257.41),(167,1,'2021-06-03 12:08:00',49.09,261.35),(168,1,'2021-06-03 12:09:00',45.15,264.91),(169,1,'2021-06-03 12:10:00',41.18,268.17),(170,1,'2021-06-03 12:11:00',37.21,271.23),(171,1,'2021-06-03 12:12:00',33.25,274.14),(172,1,'2021-06-03 12:13:00',29.3,276.95),(173,1,'2021-06-03 12:14:00',25.37,279.69),(174,1,'2021-06-03 12:15:00',21.47,282.4),(175,1,'2021-06-03 12:16:00',17.62,285.1),(176,1,'2021-06-03 12:17:00',13.81,287.83),(177,1,'2021-06-03 12:18:00',10.06,290.59),(178,1,'2021-06-03 12:19:00',6.38,293.42),(179,1,'2021-06-03 12:20:00',2.78,296.32),(180,1,'2021-06-03 12:21:00',-0.73,299.33),(181,1,'2021-06-03 12:22:00',-4.14,302.45),(182,1,'2021-06-03 12:23:00',-7.43,305.72),(183,1,'2021-06-03 12:24:00',-10.58,309.14),(184,1,'2021-06-03 17:08:00',12.95,71.62),(185,1,'2021-06-03 17:09:00',16.75,74.35),(186,1,'2021-06-03 17:10:00',20.6,77.06),(187,1,'2021-06-03 17:11:00',24.49,79.76),(188,1,'2021-06-03 17:12:00',28.41,82.5),(189,1,'2021-06-03 17:13:00',32.36,85.29),(190,1,'2021-06-03 17:14:00',36.33,88.17),(191,1,'2021-06-03 17:15:00',40.3,91.19),(192,1,'2021-06-03 17:16:00',44.26,94.4),(193,1,'2021-06-03 17:17:00',48.21,97.88),(194,1,'2021-06-03 17:18:00',52.13,101.73),(195,1,'2021-06-03 17:19:00',55.98,106.08),(196,1,'2021-06-03 17:20:00',59.75,111.13),(197,1,'2021-06-03 17:21:00',63.37,117.17),(198,1,'2021-06-03 17:22:00',66.78,124.59),(199,1,'2021-06-03 17:23:00',69.86,133.96),(200,1,'2021-06-03 17:24:00',72.43,145.91),(201,1,'2021-06-03 17:25:00',74.22,160.82),(202,1,'2021-06-03 17:26:00',74.96,178.05),(203,1,'2021-06-03 17:27:00',74.48,195.57),(204,1,'2021-06-03 17:28:00',72.9,211.1),(205,1,'2021-06-03 17:29:00',70.48,223.69),(206,1,'2021-06-03 17:30:00',67.5,233.57),(207,1,'2021-06-03 17:31:00',64.15,241.37),(208,1,'2021-06-03 17:32:00',60.56,247.68),(209,1,'2021-06-03 17:33:00',56.83,252.92),(210,1,'2021-06-03 17:34:00',52.99,257.41),(211,1,'2021-06-03 17:35:00',49.09,261.35),(212,1,'2021-06-03 17:36:00',45.15,264.91),(213,1,'2021-06-03 17:37:00',41.18,268.17),(214,1,'2021-06-03 17:38:00',37.21,271.23),(215,1,'2021-06-03 17:39:00',33.25,274.14),(216,1,'2021-06-03 17:40:00',29.3,276.95),(217,1,'2021-06-03 17:41:00',25.37,279.69),(218,1,'2021-06-03 17:42:00',21.47,282.4),(219,1,'2021-06-03 17:43:00',17.62,285.1),(220,1,'2021-06-03 17:44:00',13.81,287.83),(221,1,'2021-06-03 17:45:00',10.06,290.59),(222,1,'2021-06-03 17:46:00',6.38,293.42),(223,1,'2021-06-03 17:47:00',2.78,296.32),(224,1,'2021-06-03 17:48:00',-0.73,299.33),(225,1,'2021-06-03 17:49:00',-4.14,302.45),(226,1,'2021-06-03 17:50:00',-7.43,305.72),(227,1,'2021-06-03 17:51:00',-10.58,309.14),(228,2,'2021-06-03 17:11:00',12.95,71.62),(229,2,'2021-06-03 17:12:00',16.75,74.35),(230,2,'2021-06-03 17:13:00',20.6,77.06),(231,2,'2021-06-03 17:14:00',24.49,79.76),(232,2,'2021-06-03 17:15:00',28.41,82.5),(233,2,'2021-06-03 17:16:00',32.36,85.29),(234,2,'2021-06-03 17:17:00',36.33,88.17),(235,2,'2021-06-03 17:18:00',40.3,91.19),(236,2,'2021-06-03 17:19:00',44.26,94.4),(237,2,'2021-06-03 17:20:00',48.21,97.88),(238,2,'2021-06-03 17:21:00',52.13,101.73),(239,2,'2021-06-03 17:22:00',55.98,106.08),(240,2,'2021-06-03 17:23:00',59.75,111.13),(241,2,'2021-06-03 17:24:00',63.37,117.17),(242,2,'2021-06-03 17:25:00',66.78,124.59),(243,2,'2021-06-03 17:26:00',69.86,133.96),(244,2,'2021-06-03 17:27:00',72.43,145.91),(245,2,'2021-06-03 17:28:00',74.22,160.82),(246,2,'2021-06-03 17:29:00',74.96,178.05),(247,2,'2021-06-03 17:30:00',74.48,195.57),(248,2,'2021-06-03 17:31:00',72.9,211.1),(249,2,'2021-06-03 17:32:00',70.48,223.69),(250,2,'2021-06-03 17:33:00',67.5,233.57),(251,2,'2021-06-03 17:34:00',64.15,241.37),(252,2,'2021-06-03 17:35:00',60.56,247.68),(253,2,'2021-06-03 17:36:00',56.83,252.92),(254,2,'2021-06-03 17:37:00',52.99,257.41),(255,2,'2021-06-03 17:38:00',49.09,261.35),(256,2,'2021-06-03 17:39:00',45.15,264.91),(257,2,'2021-06-03 17:40:00',41.18,268.17),(258,2,'2021-06-03 17:41:00',37.21,271.23),(259,2,'2021-06-03 17:42:00',33.25,274.14),(260,2,'2021-06-03 17:43:00',29.3,276.95),(261,2,'2021-06-03 17:44:00',25.37,279.69),(262,2,'2021-06-03 17:45:00',21.47,282.4),(263,2,'2021-06-03 17:46:00',17.62,285.1),(264,2,'2021-06-03 17:47:00',13.81,287.83),(265,2,'2021-06-03 17:48:00',10.06,290.59),(266,2,'2021-06-03 17:49:00',6.38,293.42),(267,2,'2021-06-03 17:50:00',2.78,296.32),(268,2,'2021-06-03 17:51:00',-0.73,299.33),(269,2,'2021-06-03 17:52:00',-4.14,302.45),(270,2,'2021-06-03 17:53:00',-7.43,305.72),(271,2,'2021-06-03 17:54:00',-10.58,309.14);
/*!40000 ALTER TABLE `sunposition` ENABLE KEYS */;
UNLOCK TABLES;
/*!40103 SET TIME_ZONE=@OLD_TIME_ZONE */;

/*!40101 SET SQL_MODE=@OLD_SQL_MODE */;
/*!40014 SET FOREIGN_KEY_CHECKS=@OLD_FOREIGN_KEY_CHECKS */;
/*!40014 SET UNIQUE_CHECKS=@OLD_UNIQUE_CHECKS */;
/*!40101 SET CHARACTER_SET_CLIENT=@OLD_CHARACTER_SET_CLIENT */;
/*!40101 SET CHARACTER_SET_RESULTS=@OLD_CHARACTER_SET_RESULTS */;
/*!40101 SET COLLATION_CONNECTION=@OLD_COLLATION_CONNECTION */;
/*!40111 SET SQL_NOTES=@OLD_SQL_NOTES */;

-- Dump completed on 2021-06-04 12:03:35
