-- MySQL dump 10.13  Distrib 8.0.23, for Win64 (x86_64)
--
-- Host: 127.0.0.1    Database: dad
-- ------------------------------------------------------
-- Server version	8.0.23

/*!40101 SET @OLD_CHARACTER_SET_CLIENT=@@CHARACTER_SET_CLIENT */;
/*!40101 SET @OLD_CHARACTER_SET_RESULTS=@@CHARACTER_SET_RESULTS */;
/*!40101 SET @OLD_COLLATION_CONNECTION=@@COLLATION_CONNECTION */;
/*!50503 SET NAMES utf8 */;
/*!40103 SET @OLD_TIME_ZONE=@@TIME_ZONE */;
/*!40103 SET TIME_ZONE='+00:00' */;
/*!40014 SET @OLD_UNIQUE_CHECKS=@@UNIQUE_CHECKS, UNIQUE_CHECKS=0 */;
/*!40014 SET @OLD_FOREIGN_KEY_CHECKS=@@FOREIGN_KEY_CHECKS, FOREIGN_KEY_CHECKS=0 */;
/*!40101 SET @OLD_SQL_MODE=@@SQL_MODE, SQL_MODE='NO_AUTO_VALUE_ON_ZERO' */;
/*!40111 SET @OLD_SQL_NOTES=@@SQL_NOTES, SQL_NOTES=0 */;

--
-- Table structure for table `board`
--

DROP TABLE IF EXISTS `board`;
/*!40101 SET @saved_cs_client     = @@character_set_client */;
/*!50503 SET character_set_client = utf8mb4 */;
CREATE TABLE `board` (
  `id` int NOT NULL AUTO_INCREMENT,
  `id_coordinates` int DEFAULT NULL,
  `maxPower` decimal(6,2) NOT NULL,
  `board_code` varchar(45) COLLATE utf8_spanish_ci NOT NULL,
  PRIMARY KEY (`id`),
  UNIQUE KEY `board_code_UNIQUE` (`board_code`),
  KEY `fk_coordinates` (`id_coordinates`),
  CONSTRAINT `fk_coordinates` FOREIGN KEY (`id_coordinates`) REFERENCES `coordinates` (`id`) ON DELETE SET NULL ON UPDATE CASCADE
) ENGINE=InnoDB AUTO_INCREMENT=13 DEFAULT CHARSET=utf8 COLLATE=utf8_spanish_ci;
/*!40101 SET character_set_client = @saved_cs_client */;

--
-- Dumping data for table `board`
--

LOCK TABLES `board` WRITE;
/*!40000 ALTER TABLE `board` DISABLE KEYS */;
INSERT INTO `board` VALUES (1,1,6.00,'ESP1269813124A'),(2,2,6.00,'ESP1269813124P');
/*!40000 ALTER TABLE `board` ENABLE KEYS */;
UNLOCK TABLES;

--
-- Table structure for table `board_production`
--

DROP TABLE IF EXISTS `board_production`;
/*!40101 SET @saved_cs_client     = @@character_set_client */;
/*!50503 SET character_set_client = utf8mb4 */;
CREATE TABLE `board_production` (
  `id` int NOT NULL AUTO_INCREMENT,
  `id_board` int NOT NULL,
  `positionServoE` int NOT NULL,
  `positionServoA` int NOT NULL,
  `date` datetime NOT NULL,
  `production` float NOT NULL,
  PRIMARY KEY (`id`),
  KEY `fk_board_production` (`id_board`),
  CONSTRAINT `fk_board_production` FOREIGN KEY (`id_board`) REFERENCES `board` (`id`) ON DELETE CASCADE ON UPDATE CASCADE
) ENGINE=InnoDB DEFAULT CHARSET=utf8 COLLATE=utf8_spanish_ci;
/*!40101 SET character_set_client = @saved_cs_client */;

--
-- Dumping data for table `board_production`
--

LOCK TABLES `board_production` WRITE;
/*!40000 ALTER TABLE `board_production` DISABLE KEYS */;
/*!40000 ALTER TABLE `board_production` ENABLE KEYS */;
UNLOCK TABLES;

--
-- Table structure for table `coordinates`
--

DROP TABLE IF EXISTS `coordinates`;
/*!40101 SET @saved_cs_client     = @@character_set_client */;
/*!50503 SET character_set_client = utf8mb4 */;
CREATE TABLE `coordinates` (
  `id` int NOT NULL AUTO_INCREMENT,
  `latitude` float NOT NULL,
  `longitude` float NOT NULL,
  `description` varchar(45) COLLATE utf8_spanish_ci NOT NULL,
  PRIMARY KEY (`id`)
) ENGINE=InnoDB AUTO_INCREMENT=8 DEFAULT CHARSET=utf8 COLLATE=utf8_spanish_ci;
/*!40101 SET character_set_client = @saved_cs_client */;

--
-- Dumping data for table `coordinates`
--

LOCK TABLES `coordinates` WRITE;
/*!40000 ALTER TABLE `coordinates` DISABLE KEYS */;
INSERT INTO `coordinates` VALUES (1,37.4124,-5.98651,'Casa Alberto'),(2,37.404,-5.94572,'Casa Pablo');
/*!40000 ALTER TABLE `coordinates` ENABLE KEYS */;
UNLOCK TABLES;

--
-- Table structure for table `log`
--

DROP TABLE IF EXISTS `log`;
/*!40101 SET @saved_cs_client     = @@character_set_client */;
/*!50503 SET character_set_client = utf8mb4 */;
CREATE TABLE `log` (
  `id` int NOT NULL AUTO_INCREMENT,
  `id_board` int NOT NULL,
  `date` datetime NOT NULL,
  `issue` longtext CHARACTER SET utf8 COLLATE utf8_spanish_ci NOT NULL,
  PRIMARY KEY (`id`),
  KEY `pk_board` (`id_board`),
  CONSTRAINT `pk_board` FOREIGN KEY (`id_board`) REFERENCES `board` (`id`) ON DELETE CASCADE ON UPDATE CASCADE
) ENGINE=InnoDB DEFAULT CHARSET=utf8 COLLATE=utf8_spanish_ci;
/*!40101 SET character_set_client = @saved_cs_client */;

--
-- Dumping data for table `log`
--

LOCK TABLES `log` WRITE;
/*!40000 ALTER TABLE `log` DISABLE KEYS */;
/*!40000 ALTER TABLE `log` ENABLE KEYS */;
UNLOCK TABLES;

--
-- Table structure for table `sunposition`
--

DROP TABLE IF EXISTS `sunposition`;
/*!40101 SET @saved_cs_client     = @@character_set_client */;
/*!50503 SET character_set_client = utf8mb4 */;
CREATE TABLE `sunposition` (
  `id` int NOT NULL AUTO_INCREMENT,
  `id_coordinates` int NOT NULL,
  `date` datetime NOT NULL,
  `elevation` float NOT NULL,
  `azimut` float NOT NULL,
  PRIMARY KEY (`id`),
  KEY `fk_coordinates` (`id_coordinates`),
  CONSTRAINT `fk_id_coordinates` FOREIGN KEY (`id_coordinates`) REFERENCES `coordinates` (`id`) ON DELETE CASCADE ON UPDATE CASCADE
) ENGINE=InnoDB AUTO_INCREMENT=2729 DEFAULT CHARSET=utf8 COLLATE=utf8_spanish_ci;
/*!40101 SET character_set_client = @saved_cs_client */;

--
-- Dumping data for table `sunposition`
--

LOCK TABLES `sunposition` WRITE;
/*!40000 ALTER TABLE `sunposition` DISABLE KEYS */;
INSERT INTO `sunposition` VALUES (1,1,'2021-05-31 20:00:00',6.06,293.18),(2,1,'2021-05-31 20:20:00',2.45,296.1),(3,1,'2021-05-31 20:40:00',-1.07,299.12),(4,1,'2021-05-31 21:00:00',-4.48,302.26),(5,1,'2021-05-31 21:20:00',-7.78,305.53),(6,1,'2021-05-31 21:40:00',0,0),(7,1,'2021-06-01 07:20:00',12.86,71.88),(8,1,'2021-06-01 07:40:00',16.67,74.62),(9,1,'2021-06-01 08:00:00',20.52,77.33),(10,1,'2021-06-01 08:20:00',24.41,80.04),(11,1,'2021-06-01 08:40:00',28.34,82.79),(12,1,'2021-06-01 09:00:00',32.29,85.59),(13,1,'2021-06-01 09:20:00',36.26,88.49),(14,1,'2021-06-01 09:40:00',40.23,91.52),(15,1,'2021-06-01 10:00:00',44.2,94.76),(16,1,'2021-06-01 10:20:00',48.14,98.26),(17,1,'2021-06-01 10:40:00',52.05,102.14),(18,1,'2021-06-01 11:00:00',55.9,106.53),(19,1,'2021-06-01 11:20:00',59.65,111.62),(20,1,'2021-06-01 11:40:00',63.26,117.71),(21,1,'2021-06-01 12:00:00',66.66,125.18),(22,1,'2021-06-01 12:20:00',69.71,134.58),(23,1,'2021-06-01 12:40:00',72.24,146.52),(24,1,'2021-06-01 13:00:00',74,161.34),(25,1,'2021-06-01 13:20:00',74.71,178.37),(26,1,'2021-06-01 13:40:00',74.22,195.62),(27,1,'2021-06-01 14:00:00',72.64,210.95),(28,1,'2021-06-01 14:20:00',70.24,223.43),(29,1,'2021-06-01 14:40:00',67.26,233.26),(30,1,'2021-06-01 15:00:00',63.93,241.05),(31,1,'2021-06-01 15:20:00',60.35,247.37),(32,1,'2021-06-01 15:40:00',56.62,252.62),(33,1,'2021-06-01 16:00:00',52.79,257.13),(34,1,'2021-06-01 16:20:00',48.89,261.09),(35,1,'2021-06-01 16:40:00',44.95,264.66),(36,1,'2021-06-01 17:00:00',40.99,267.94),(37,1,'2021-06-01 17:20:00',37.02,271.01),(38,1,'2021-06-01 17:40:00',33.05,273.93),(39,1,'2021-06-01 18:00:00',29.1,276.75),(40,1,'2021-06-01 18:20:00',25.17,279.5),(41,1,'2021-06-01 18:40:00',21.27,282.22),(42,1,'2021-06-01 19:00:00',17.42,284.93),(43,1,'2021-06-01 19:20:00',13.61,287.66),(44,1,'2021-06-01 19:40:00',9.85,290.43),(45,1,'2021-06-01 20:00:00',6.17,293.27),(46,1,'2021-06-01 20:20:00',2.56,296.18),(47,1,'2021-06-01 20:40:00',-0.95,299.19),(48,1,'2021-06-01 21:00:00',-4.36,302.33),(49,1,'2021-06-01 21:20:00',-7.66,305.6),(50,1,'2021-06-01 21:40:00',0,0),(51,1,'2021-06-02 07:20:00',12.91,71.75),(52,1,'2021-06-02 07:40:00',16.71,74.48),(53,1,'2021-06-02 08:00:00',20.56,77.19),(54,1,'2021-06-02 08:20:00',24.45,79.9),(55,1,'2021-06-02 08:40:00',28.38,82.64),(56,1,'2021-06-02 09:00:00',32.33,85.43),(57,1,'2021-06-02 09:20:00',36.29,88.32),(58,1,'2021-06-02 09:40:00',40.27,91.35),(59,1,'2021-06-02 10:00:00',44.23,94.57),(60,1,'2021-06-02 10:20:00',48.18,98.07),(61,1,'2021-06-02 10:40:00',52.09,101.93),(62,1,'2021-06-02 11:00:00',55.94,106.3),(63,1,'2021-06-02 11:20:00',59.7,111.37),(64,1,'2021-06-02 11:40:00',63.32,117.43),(65,1,'2021-06-02 12:00:00',66.72,124.88),(66,1,'2021-06-02 12:20:00',69.79,134.27),(67,1,'2021-06-02 12:40:00',72.34,146.21),(68,1,'2021-06-02 13:00:00',74.11,161.08),(69,1,'2021-06-02 13:20:00',74.83,178.21),(70,1,'2021-06-02 13:40:00',74.35,195.6),(71,1,'2021-06-02 14:00:00',72.78,211.03),(72,1,'2021-06-02 14:20:00',70.36,223.57),(73,1,'2021-06-02 14:40:00',67.38,233.42),(74,1,'2021-06-02 15:00:00',64.04,241.22),(75,1,'2021-06-02 15:20:00',60.46,247.53),(76,1,'2021-06-02 15:40:00',56.72,252.78),(77,1,'2021-06-02 16:00:00',52.89,257.27),(78,1,'2021-06-02 16:20:00',48.99,261.23),(79,1,'2021-06-02 16:40:00',45.05,264.79),(80,1,'2021-06-02 17:00:00',41.09,268.06),(81,1,'2021-06-02 17:20:00',37.12,271.12),(82,1,'2021-06-02 17:40:00',33.15,274.04),(83,1,'2021-06-02 18:00:00',29.2,276.85),(84,1,'2021-06-02 18:20:00',25.27,279.6),(85,1,'2021-06-02 18:40:00',21.37,282.31),(86,1,'2021-06-02 19:00:00',17.52,285.02),(87,1,'2021-06-02 19:20:00',13.71,287.75),(88,1,'2021-06-02 19:40:00',9.96,290.52),(89,1,'2021-06-02 20:00:00',6.28,293.34),(90,1,'2021-06-02 20:20:00',2.67,296.25),(91,1,'2021-06-02 20:40:00',-0.84,299.26),(92,1,'2021-06-02 21:00:00',-4.25,302.39),(93,1,'2021-06-02 21:20:00',-7.54,305.66),(94,1,'2021-06-02 21:40:00',0,0),(95,1,'2021-06-03 07:20:00',12.95,71.62),(96,1,'2021-06-03 07:40:00',16.75,74.35),(97,1,'2021-06-03 08:00:00',20.6,77.06),(98,1,'2021-06-03 08:20:00',24.49,79.76),(99,1,'2021-06-03 08:40:00',28.41,82.5),(100,1,'2021-06-03 09:00:00',32.36,85.29),(101,1,'2021-06-03 09:20:00',36.33,88.17),(102,1,'2021-06-03 09:40:00',40.3,91.19),(103,1,'2021-06-03 10:00:00',44.26,94.4),(104,1,'2021-06-03 10:20:00',48.21,97.88),(105,1,'2021-06-03 10:40:00',52.13,101.73),(106,1,'2021-06-03 11:00:00',55.98,106.08),(107,1,'2021-06-03 11:20:00',59.75,111.13),(108,1,'2021-06-03 11:40:00',63.37,117.17),(109,1,'2021-06-03 12:00:00',66.78,124.59),(110,1,'2021-06-03 12:20:00',69.86,133.96),(111,1,'2021-06-03 12:40:00',72.43,145.91),(112,1,'2021-06-03 13:00:00',74.22,160.82),(113,1,'2021-06-03 13:20:00',74.96,178.05),(114,1,'2021-06-03 13:40:00',74.48,195.57),(115,1,'2021-06-03 14:00:00',72.9,211.1),(116,1,'2021-06-03 14:20:00',70.48,223.69),(117,1,'2021-06-03 14:40:00',67.5,233.57),(118,1,'2021-06-03 15:00:00',64.15,241.37),(119,1,'2021-06-03 15:20:00',60.56,247.68),(120,1,'2021-06-03 15:40:00',56.83,252.92),(121,1,'2021-06-03 16:00:00',52.99,257.41),(122,1,'2021-06-03 16:20:00',49.09,261.35),(123,1,'2021-06-03 16:40:00',45.15,264.91),(124,1,'2021-06-03 17:00:00',41.18,268.17),(125,1,'2021-06-03 17:20:00',37.21,271.23),(126,1,'2021-06-03 17:40:00',33.25,274.14),(127,1,'2021-06-03 18:00:00',29.3,276.95),(128,1,'2021-06-03 18:20:00',25.37,279.69),(129,1,'2021-06-03 18:40:00',21.47,282.4),(130,1,'2021-06-03 19:00:00',17.62,285.1),(131,1,'2021-06-03 19:20:00',13.81,287.83),(132,1,'2021-06-03 19:40:00',10.06,290.59),(133,1,'2021-06-03 20:00:00',6.38,293.42),(134,1,'2021-06-03 20:20:00',2.78,296.32),(135,1,'2021-06-03 20:40:00',-0.73,299.33),(136,1,'2021-06-03 21:00:00',-4.14,302.45),(137,1,'2021-06-03 21:20:00',-7.43,305.72),(138,1,'2021-06-03 21:40:00',-10.58,309.14),(139,1,'2021-06-04 07:20:00',12.99,71.5),(140,1,'2021-06-04 07:40:00',16.78,74.23),(141,1,'2021-06-04 08:00:00',20.63,76.93),(142,1,'2021-06-04 08:20:00',24.52,79.63),(143,1,'2021-06-04 08:40:00',28.44,82.36),(144,1,'2021-06-04 09:00:00',32.39,85.14),(145,1,'2021-06-04 09:20:00',36.35,88.02),(146,1,'2021-06-04 09:40:00',40.32,91.03),(147,1,'2021-06-04 10:00:00',44.29,94.23),(148,1,'2021-06-04 10:20:00',48.24,97.7),(149,1,'2021-06-04 10:40:00',52.16,101.53),(150,1,'2021-06-04 11:00:00',56.01,105.87),(151,1,'2021-06-04 11:20:00',59.78,110.9),(152,1,'2021-06-04 11:40:00',63.42,116.91),(153,1,'2021-06-04 12:00:00',66.84,124.31),(154,1,'2021-06-04 12:20:00',69.93,133.66),(155,1,'2021-06-04 12:40:00',72.51,145.6),(156,1,'2021-06-04 13:00:00',74.32,160.55),(157,1,'2021-06-04 13:20:00',75.07,177.89),(158,1,'2021-06-04 13:40:00',74.6,195.52),(159,1,'2021-06-04 14:00:00',73.02,211.15),(160,1,'2021-06-04 14:20:00',70.6,223.8),(161,1,'2021-06-04 14:40:00',67.61,233.71),(162,1,'2021-06-04 15:00:00',64.25,241.51),(163,1,'2021-06-04 15:20:00',60.67,247.81),(164,1,'2021-06-04 15:40:00',56.92,253.05),(165,1,'2021-06-04 16:00:00',53.08,257.53),(166,1,'2021-06-04 16:20:00',49.18,261.47),(167,1,'2021-06-04 16:40:00',45.24,265.02),(168,1,'2021-06-04 17:00:00',41.28,268.28),(169,1,'2021-06-04 17:20:00',37.31,271.33),(170,1,'2021-06-04 17:40:00',33.34,274.23),(171,1,'2021-06-04 18:00:00',29.39,277.03),(172,1,'2021-06-04 18:20:00',25.46,279.77),(173,1,'2021-06-04 18:40:00',21.57,282.48),(174,1,'2021-06-04 19:00:00',17.71,285.18),(175,1,'2021-06-04 19:20:00',13.91,287.9),(176,1,'2021-06-04 19:40:00',10.16,290.66),(177,1,'2021-06-04 20:00:00',6.48,293.48),(178,1,'2021-06-04 20:20:00',2.88,296.38),(179,1,'2021-06-04 20:40:00',-0.63,299.39),(180,1,'2021-06-04 21:00:00',-4.03,302.51),(181,1,'2021-06-04 21:20:00',-7.32,305.77),(182,1,'2021-06-04 21:40:00',-10.47,309.19),(183,1,'2021-06-05 07:20:00',13.02,71.38),(184,1,'2021-06-05 07:40:00',16.81,74.11),(185,1,'2021-06-05 08:00:00',20.66,76.81),(186,1,'2021-06-05 08:20:00',24.54,79.51),(187,1,'2021-06-05 08:40:00',28.46,82.23),(188,1,'2021-06-05 09:00:00',32.41,85.01),(189,1,'2021-06-05 09:20:00',36.37,87.87),(190,1,'2021-06-05 09:40:00',40.34,90.88),(191,1,'2021-06-05 10:00:00',44.31,94.07),(192,1,'2021-06-05 10:20:00',48.26,97.53),(193,1,'2021-06-05 10:40:00',52.18,101.34),(194,1,'2021-06-05 11:00:00',56.04,105.66),(195,1,'2021-06-05 11:20:00',59.82,110.68),(196,1,'2021-06-05 11:40:00',63.46,116.67),(197,1,'2021-06-05 12:00:00',66.89,124.04),(198,1,'2021-06-05 12:20:00',69.99,133.37),(199,1,'2021-06-05 12:40:00',72.59,145.31),(200,1,'2021-06-05 13:00:00',74.41,160.29),(201,1,'2021-06-05 13:20:00',75.18,177.72),(202,1,'2021-06-05 13:40:00',74.72,195.47),(203,1,'2021-06-05 14:00:00',73.14,211.2),(204,1,'2021-06-05 14:20:00',70.71,223.9),(205,1,'2021-06-05 14:40:00',67.72,233.83),(206,1,'2021-06-05 15:00:00',64.36,241.64),(207,1,'2021-06-05 15:20:00',60.76,247.94),(208,1,'2021-06-05 15:40:00',57.02,253.17),(209,1,'2021-06-05 16:00:00',53.18,257.65),(210,1,'2021-06-05 16:20:00',49.27,261.58),(211,1,'2021-06-05 16:40:00',45.33,265.12),(212,1,'2021-06-05 17:00:00',41.37,268.37),(213,1,'2021-06-05 17:20:00',37.4,271.42),(214,1,'2021-06-05 17:40:00',33.43,274.32),(215,1,'2021-06-05 18:00:00',29.48,277.12),(216,1,'2021-06-05 18:20:00',25.56,279.85),(217,1,'2021-06-05 18:40:00',21.66,282.55),(218,1,'2021-06-05 19:00:00',17.81,285.25),(219,1,'2021-06-05 19:20:00',14,287.97),(220,1,'2021-06-05 19:40:00',10.26,290.72),(221,1,'2021-06-05 20:00:00',6.58,293.54),(222,1,'2021-06-05 20:20:00',2.98,296.44),(223,1,'2021-06-05 20:40:00',-0.52,299.44),(224,1,'2021-06-05 21:00:00',-3.93,302.56),(225,1,'2021-06-05 21:20:00',-7.21,305.82),(226,1,'2021-06-05 21:40:00',-10.36,309.23),(227,1,'2021-06-06 07:20:00',13.05,71.27),(228,1,'2021-06-06 07:40:00',16.84,73.99),(229,1,'2021-06-06 08:00:00',20.68,76.69),(230,1,'2021-06-06 08:20:00',24.56,79.38),(231,1,'2021-06-06 08:40:00',28.48,82.1),(232,1,'2021-06-06 09:00:00',32.43,84.87),(233,1,'2021-06-06 09:20:00',36.39,87.74),(234,1,'2021-06-06 09:40:00',40.36,90.73),(235,1,'2021-06-06 10:00:00',44.33,93.92),(236,1,'2021-06-06 10:20:00',48.28,97.36),(237,1,'2021-06-06 10:40:00',52.2,101.17),(238,1,'2021-06-06 11:00:00',56.07,105.47),(239,1,'2021-06-06 11:20:00',59.84,110.46),(240,1,'2021-06-06 11:40:00',63.49,116.43),(241,1,'2021-06-06 12:00:00',66.93,123.78),(242,1,'2021-06-06 12:20:00',70.04,133.08),(243,1,'2021-06-06 12:40:00',72.66,145.02),(244,1,'2021-06-06 13:00:00',74.5,160.03),(245,1,'2021-06-06 13:20:00',75.28,177.54),(246,1,'2021-06-06 13:40:00',74.83,195.4),(247,1,'2021-06-06 14:00:00',73.25,211.23),(248,1,'2021-06-06 14:20:00',70.82,223.98),(249,1,'2021-06-06 14:40:00',67.82,233.94),(250,1,'2021-06-06 15:00:00',64.46,241.76),(251,1,'2021-06-06 15:20:00',60.86,248.06),(252,1,'2021-06-06 15:40:00',57.11,253.28),(253,1,'2021-06-06 16:00:00',53.27,257.75),(254,1,'2021-06-06 16:20:00',49.36,261.68),(255,1,'2021-06-06 16:40:00',45.42,265.21),(256,1,'2021-06-06 17:00:00',41.45,268.46),(257,1,'2021-06-06 17:20:00',37.49,271.5),(258,1,'2021-06-06 17:40:00',33.52,274.4),(259,1,'2021-06-06 18:00:00',29.57,277.19),(260,1,'2021-06-06 18:20:00',25.65,279.92),(261,1,'2021-06-06 18:40:00',21.75,282.62),(262,1,'2021-06-06 19:00:00',17.9,285.31),(263,1,'2021-06-06 19:20:00',14.1,288.03),(264,1,'2021-06-06 19:40:00',10.35,290.78),(265,1,'2021-06-06 20:00:00',6.68,293.6),(266,1,'2021-06-06 20:20:00',3.08,296.49),(267,1,'2021-06-06 20:40:00',-0.43,299.49),(268,1,'2021-06-06 21:00:00',-3.83,302.6),(269,1,'2021-06-06 21:20:00',-7.11,305.86),(270,1,'2021-06-06 21:40:00',-10.26,309.27),(271,1,'2021-06-07 07:20:00',13.07,71.17),(272,1,'2021-06-07 07:40:00',16.86,73.88),(273,1,'2021-06-07 08:00:00',20.7,76.58),(274,1,'2021-06-07 08:20:00',24.58,79.27),(275,1,'2021-06-07 08:40:00',28.5,81.98),(276,1,'2021-06-07 09:00:00',32.44,84.75),(277,1,'2021-06-07 09:20:00',36.4,87.61),(278,1,'2021-06-07 09:40:00',40.37,90.59),(279,1,'2021-06-07 10:00:00',44.34,93.77),(280,1,'2021-06-07 10:20:00',48.3,97.2),(281,1,'2021-06-07 10:40:00',52.22,100.99),(282,1,'2021-06-07 11:00:00',56.08,105.28),(283,1,'2021-06-07 11:20:00',59.87,110.26),(284,1,'2021-06-07 11:40:00',63.52,116.2),(285,1,'2021-06-07 12:00:00',66.96,123.53),(286,1,'2021-06-07 12:20:00',70.09,132.8),(287,1,'2021-06-07 12:40:00',72.72,144.73),(288,1,'2021-06-07 13:00:00',74.58,159.77),(289,1,'2021-06-07 13:20:00',75.37,177.35),(290,1,'2021-06-07 13:40:00',74.93,195.33),(291,1,'2021-06-07 14:00:00',73.36,211.24),(292,1,'2021-06-07 14:20:00',70.92,224.05),(293,1,'2021-06-07 14:40:00',67.92,234.03),(294,1,'2021-06-07 15:00:00',64.55,241.86),(295,1,'2021-06-07 15:20:00',60.95,248.16),(296,1,'2021-06-07 15:40:00',57.2,253.38),(297,1,'2021-06-07 16:00:00',53.36,257.85),(298,1,'2021-06-07 16:20:00',49.45,261.77),(299,1,'2021-06-07 16:40:00',45.5,265.3),(300,1,'2021-06-07 17:00:00',41.54,268.54),(301,1,'2021-06-07 17:20:00',37.57,271.58),(302,1,'2021-06-07 17:40:00',33.61,274.47),(303,1,'2021-06-07 18:00:00',29.66,277.26),(304,1,'2021-06-07 18:20:00',25.73,279.98),(305,1,'2021-06-07 18:40:00',21.84,282.68),(306,1,'2021-06-07 19:00:00',17.99,285.37),(307,1,'2021-06-07 19:20:00',14.19,288.08),(308,1,'2021-06-07 19:40:00',10.44,290.83),(309,1,'2021-06-07 20:00:00',6.77,293.64),(310,1,'2021-06-07 20:20:00',3.17,296.54),(311,1,'2021-06-07 20:40:00',-0.33,299.53),(312,1,'2021-06-07 21:00:00',-3.73,302.64),(313,1,'2021-06-07 21:20:00',-7.01,305.89),(314,1,'2021-06-07 21:40:00',-10.16,309.3),(315,1,'2021-06-08 07:20:00',13.08,71.06),(316,1,'2021-06-08 07:40:00',16.87,73.78),(317,1,'2021-06-08 08:00:00',20.71,76.47),(318,1,'2021-06-08 08:20:00',24.59,79.16),(319,1,'2021-06-08 08:40:00',28.51,81.87),(320,1,'2021-06-08 09:00:00',32.45,84.63),(321,1,'2021-06-08 09:20:00',36.41,87.48),(322,1,'2021-06-08 09:40:00',40.38,90.46),(323,1,'2021-06-08 10:00:00',44.35,93.63),(324,1,'2021-06-08 10:20:00',48.3,97.05),(325,1,'2021-06-08 10:40:00',52.23,100.83),(326,1,'2021-06-08 11:00:00',56.1,105.1),(327,1,'2021-06-08 11:20:00',59.88,110.06),(328,1,'2021-06-08 11:40:00',63.54,115.98),(329,1,'2021-06-08 12:00:00',67,123.28),(330,1,'2021-06-08 12:20:00',70.13,132.54),(331,1,'2021-06-08 12:40:00',72.77,144.45),(332,1,'2021-06-08 13:00:00',74.65,159.51),(333,1,'2021-06-08 13:20:00',75.46,177.16),(334,1,'2021-06-08 13:40:00',75.03,195.24),(335,1,'2021-06-08 14:00:00',73.45,211.24),(336,1,'2021-06-08 14:20:00',71.02,224.11),(337,1,'2021-06-08 14:40:00',68.01,234.11),(338,1,'2021-06-08 15:00:00',64.64,241.95),(339,1,'2021-06-08 15:20:00',61.04,248.25),(340,1,'2021-06-08 15:40:00',57.29,253.47),(341,1,'2021-06-08 16:00:00',53.44,257.93),(342,1,'2021-06-08 16:20:00',49.53,261.85),(343,1,'2021-06-08 16:40:00',45.59,265.37),(344,1,'2021-06-08 17:00:00',41.62,268.61),(345,1,'2021-06-08 17:20:00',37.65,271.65),(346,1,'2021-06-08 17:40:00',33.69,274.53),(347,1,'2021-06-08 18:00:00',29.74,277.32),(348,1,'2021-06-08 18:20:00',25.82,280.04),(349,1,'2021-06-08 18:40:00',21.93,282.73),(350,1,'2021-06-08 19:00:00',18.07,285.42),(351,1,'2021-06-08 19:20:00',14.27,288.13),(352,1,'2021-06-08 19:40:00',10.53,290.88),(353,1,'2021-06-08 20:00:00',6.86,293.69),(354,1,'2021-06-08 20:20:00',3.26,296.58),(355,1,'2021-06-08 20:40:00',-0.24,299.57),(356,1,'2021-06-08 21:00:00',-3.64,302.68),(357,1,'2021-06-08 21:20:00',-6.92,305.92),(358,1,'2021-06-08 21:40:00',-10.06,309.32),(359,1,'2021-06-09 07:20:00',13.1,70.97),(360,1,'2021-06-09 07:40:00',16.88,73.68),(361,1,'2021-06-09 08:00:00',20.72,76.37),(362,1,'2021-06-09 08:20:00',24.6,79.05),(363,1,'2021-06-09 08:40:00',28.51,81.76),(364,1,'2021-06-09 09:00:00',32.46,84.52),(365,1,'2021-06-09 09:20:00',36.42,87.36),(366,1,'2021-06-09 09:40:00',40.39,90.34),(367,1,'2021-06-09 10:00:00',44.36,93.49),(368,1,'2021-06-09 10:20:00',48.31,96.91),(369,1,'2021-06-09 10:40:00',52.23,100.68),(370,1,'2021-06-09 11:00:00',56.11,104.93),(371,1,'2021-06-09 11:20:00',59.9,109.87),(372,1,'2021-06-09 11:40:00',63.56,115.77),(373,1,'2021-06-09 12:00:00',67.02,123.05),(374,1,'2021-06-09 12:20:00',70.17,132.28),(375,1,'2021-06-09 12:40:00',72.82,144.18),(376,1,'2021-06-09 13:00:00',74.72,159.25),(377,1,'2021-06-09 13:20:00',75.54,176.97),(378,1,'2021-06-09 13:40:00',75.12,195.14),(379,1,'2021-06-09 14:00:00',73.55,211.23),(380,1,'2021-06-09 14:20:00',71.11,224.15),(381,1,'2021-06-09 14:40:00',68.1,234.18),(382,1,'2021-06-09 15:00:00',64.73,242.03),(383,1,'2021-06-09 15:20:00',61.13,248.33),(384,1,'2021-06-09 15:40:00',57.37,253.55),(385,1,'2021-06-09 16:00:00',53.52,258.01),(386,1,'2021-06-09 16:20:00',49.61,261.92),(387,1,'2021-06-09 16:40:00',45.67,265.44),(388,1,'2021-06-09 17:00:00',41.7,268.68),(389,1,'2021-06-09 17:20:00',37.73,271.71),(390,1,'2021-06-09 17:40:00',33.77,274.59),(391,1,'2021-06-09 18:00:00',29.82,277.37),(392,1,'2021-06-09 18:20:00',25.9,280.09),(393,1,'2021-06-09 18:40:00',22.01,282.78),(394,1,'2021-06-09 19:00:00',18.16,285.47),(395,1,'2021-06-09 19:20:00',14.36,288.17),(396,1,'2021-06-09 19:40:00',10.62,290.92),(397,1,'2021-06-09 20:00:00',6.94,293.72),(398,1,'2021-06-09 20:20:00',3.35,296.61),(399,1,'2021-06-09 20:40:00',-0.15,299.6),(400,1,'2021-06-09 21:00:00',-3.55,302.7),(401,1,'2021-06-09 21:20:00',-6.83,305.95),(402,1,'2021-06-09 21:40:00',-9.97,309.34),(403,1,'2021-06-10 07:20:00',13.1,70.87),(404,1,'2021-06-10 07:40:00',16.89,73.59),(405,1,'2021-06-10 08:00:00',20.72,76.27),(406,1,'2021-06-10 08:20:00',24.6,78.95),(407,1,'2021-06-10 08:40:00',28.51,81.66),(408,1,'2021-06-10 09:00:00',32.46,84.41),(409,1,'2021-06-10 09:20:00',36.42,87.25),(410,1,'2021-06-10 09:40:00',40.39,90.22),(411,1,'2021-06-10 10:00:00',44.35,93.37),(412,1,'2021-06-10 10:20:00',48.31,96.77),(413,1,'2021-06-10 10:40:00',52.24,100.53),(414,1,'2021-06-10 11:00:00',56.11,104.77),(415,1,'2021-06-10 11:20:00',59.9,109.69),(416,1,'2021-06-10 11:40:00',63.57,115.57),(417,1,'2021-06-10 12:00:00',67.04,122.83),(418,1,'2021-06-10 12:20:00',70.2,132.03),(419,1,'2021-06-10 12:40:00',72.87,143.91),(420,1,'2021-06-10 13:00:00',74.78,159),(421,1,'2021-06-10 13:20:00',75.62,176.77),(422,1,'2021-06-10 13:40:00',75.21,195.03),(423,1,'2021-06-10 14:00:00',73.64,211.21),(424,1,'2021-06-10 14:20:00',71.2,224.18),(425,1,'2021-06-10 14:40:00',68.19,234.24),(426,1,'2021-06-10 15:00:00',64.81,242.1),(427,1,'2021-06-10 15:20:00',61.21,248.4),(428,1,'2021-06-10 15:40:00',57.45,253.62),(429,1,'2021-06-10 16:00:00',53.6,258.08),(430,1,'2021-06-10 16:20:00',49.69,261.99),(431,1,'2021-06-10 16:40:00',45.75,265.5),(432,1,'2021-06-10 17:00:00',41.78,268.73),(433,1,'2021-06-10 17:20:00',37.81,271.76),(434,1,'2021-06-10 17:40:00',33.85,274.64),(435,1,'2021-06-10 18:00:00',29.9,277.42),(436,1,'2021-06-10 18:20:00',25.98,280.14),(437,1,'2021-06-10 18:40:00',22.09,282.82),(438,1,'2021-06-10 19:00:00',18.24,285.51),(439,1,'2021-06-10 19:20:00',14.44,288.21),(440,1,'2021-06-10 19:40:00',10.7,290.95),(441,1,'2021-06-10 20:00:00',7.03,293.75),(442,1,'2021-06-10 20:20:00',3.43,296.64),(443,1,'2021-06-10 20:40:00',-0.07,299.62),(444,1,'2021-06-10 21:00:00',-3.46,302.72),(445,1,'2021-06-10 21:20:00',-6.74,305.96),(446,1,'2021-06-10 21:40:00',-9.89,309.36),(447,1,'2021-06-11 07:20:00',13.11,70.79),(448,1,'2021-06-11 07:40:00',16.89,73.5),(449,1,'2021-06-11 08:00:00',20.72,76.18),(450,1,'2021-06-11 08:20:00',24.6,78.86),(451,1,'2021-06-11 08:40:00',28.51,81.56),(452,1,'2021-06-11 09:00:00',32.45,84.31),(453,1,'2021-06-11 09:20:00',36.41,87.15),(454,1,'2021-06-11 09:40:00',40.38,90.11),(455,1,'2021-06-11 10:00:00',44.35,93.25),(456,1,'2021-06-11 10:20:00',48.31,96.65),(457,1,'2021-06-11 10:40:00',52.23,100.39),(458,1,'2021-06-11 11:00:00',56.11,104.62),(459,1,'2021-06-11 11:20:00',59.91,109.53),(460,1,'2021-06-11 11:40:00',63.58,115.39),(461,1,'2021-06-11 12:00:00',67.05,122.61),(462,1,'2021-06-11 12:20:00',70.22,131.79),(463,1,'2021-06-11 12:40:00',72.9,143.65),(464,1,'2021-06-11 13:00:00',74.83,158.74),(465,1,'2021-06-11 13:20:00',75.68,176.57),(466,1,'2021-06-11 13:40:00',75.28,194.92),(467,1,'2021-06-11 14:00:00',73.72,211.17),(468,1,'2021-06-11 14:20:00',71.28,224.19),(469,1,'2021-06-11 14:40:00',68.27,234.28),(470,1,'2021-06-11 15:00:00',64.89,242.15),(471,1,'2021-06-11 15:20:00',61.29,248.46),(472,1,'2021-06-11 15:40:00',57.53,253.68),(473,1,'2021-06-11 16:00:00',53.68,258.13),(474,1,'2021-06-11 16:20:00',49.77,262.04),(475,1,'2021-06-11 16:40:00',45.82,265.55),(476,1,'2021-06-11 17:00:00',41.86,268.78),(477,1,'2021-06-11 17:20:00',37.89,271.8),(478,1,'2021-06-11 17:40:00',33.92,274.68),(479,1,'2021-06-11 18:00:00',29.98,277.46),(480,1,'2021-06-11 18:20:00',26.05,280.17),(481,1,'2021-06-11 18:40:00',22.16,282.86),(482,1,'2021-06-11 19:00:00',18.31,285.54),(483,1,'2021-06-11 19:20:00',14.51,288.24),(484,1,'2021-06-11 19:40:00',10.77,290.98),(485,1,'2021-06-11 20:00:00',7.1,293.78),(486,1,'2021-06-11 20:20:00',3.51,296.66),(487,1,'2021-06-11 20:40:00',0.01,299.64),(488,1,'2021-06-11 21:00:00',-3.38,302.74),(489,1,'2021-06-11 21:20:00',-6.66,305.98),(490,1,'2021-06-11 21:40:00',-9.8,309.37),(491,1,'2021-06-12 07:20:00',13.11,70.7),(492,1,'2021-06-12 07:40:00',16.88,73.41),(493,1,'2021-06-12 08:00:00',20.72,76.1),(494,1,'2021-06-12 08:20:00',24.59,78.77),(495,1,'2021-06-12 08:40:00',28.5,81.47),(496,1,'2021-06-12 09:00:00',32.44,84.22),(497,1,'2021-06-12 09:20:00',36.4,87.05),(498,1,'2021-06-12 09:40:00',40.37,90),(499,1,'2021-06-12 10:00:00',44.34,93.14),(500,1,'2021-06-12 10:20:00',48.3,96.53),(501,1,'2021-06-12 10:40:00',52.23,100.26),(502,1,'2021-06-12 11:00:00',56.11,104.48),(503,1,'2021-06-12 11:20:00',59.91,109.37),(504,1,'2021-06-12 11:40:00',63.58,115.21),(505,1,'2021-06-12 12:00:00',67.06,122.41),(506,1,'2021-06-12 12:20:00',70.24,131.57),(507,1,'2021-06-12 12:40:00',72.93,143.41),(508,1,'2021-06-12 13:00:00',74.87,158.5),(509,1,'2021-06-12 13:20:00',75.74,176.36),(510,1,'2021-06-12 13:40:00',75.36,194.79),(511,1,'2021-06-12 14:00:00',73.8,211.11),(512,1,'2021-06-12 14:20:00',71.36,224.19),(513,1,'2021-06-12 14:40:00',68.35,234.3),(514,1,'2021-06-12 15:00:00',64.97,242.19),(515,1,'2021-06-12 15:20:00',61.36,248.5),(516,1,'2021-06-12 15:40:00',57.6,253.73),(517,1,'2021-06-12 16:00:00',53.75,258.18),(518,1,'2021-06-12 16:20:00',49.84,262.08),(519,1,'2021-06-12 16:40:00',45.89,265.59),(520,1,'2021-06-12 17:00:00',41.93,268.82),(521,1,'2021-06-12 17:20:00',37.96,271.84),(522,1,'2021-06-12 17:40:00',34,274.71),(523,1,'2021-06-12 18:00:00',30.05,277.49),(524,1,'2021-06-12 18:20:00',26.13,280.2),(525,1,'2021-06-12 18:40:00',22.24,282.88),(526,1,'2021-06-12 19:00:00',18.39,285.56),(527,1,'2021-06-12 19:20:00',14.59,288.26),(528,1,'2021-06-12 19:40:00',10.85,291),(529,1,'2021-06-12 20:00:00',7.18,293.8),(530,1,'2021-06-12 20:20:00',3.59,296.68),(531,1,'2021-06-12 20:40:00',0.09,299.66),(532,1,'2021-06-12 21:00:00',-3.31,302.75),(533,1,'2021-06-12 21:20:00',-6.59,305.99),(534,1,'2021-06-12 21:40:00',-9.73,309.37),(535,1,'2021-06-13 07:20:00',13.1,70.63),(536,1,'2021-06-13 07:40:00',16.88,73.34),(537,1,'2021-06-13 08:00:00',20.71,76.02),(538,1,'2021-06-13 08:20:00',24.58,78.69),(539,1,'2021-06-13 08:40:00',28.49,81.39),(540,1,'2021-06-13 09:00:00',32.43,84.13),(541,1,'2021-06-13 09:20:00',36.39,86.96),(542,1,'2021-06-13 09:40:00',40.36,89.91),(543,1,'2021-06-13 10:00:00',44.33,93.04),(544,1,'2021-06-13 10:20:00',48.29,96.42),(545,1,'2021-06-13 10:40:00',52.22,100.14),(546,1,'2021-06-13 11:00:00',56.1,104.35),(547,1,'2021-06-13 11:20:00',59.9,109.22),(548,1,'2021-06-13 11:40:00',63.58,115.04),(549,1,'2021-06-13 12:00:00',67.07,122.22),(550,1,'2021-06-13 12:20:00',70.25,131.35),(551,1,'2021-06-13 12:40:00',72.96,143.17),(552,1,'2021-06-13 13:00:00',74.91,158.25),(553,1,'2021-06-13 13:20:00',75.8,176.15),(554,1,'2021-06-13 13:40:00',75.42,194.65),(555,1,'2021-06-13 14:00:00',73.87,211.05),(556,1,'2021-06-13 14:20:00',71.44,224.17),(557,1,'2021-06-13 14:40:00',68.42,234.32),(558,1,'2021-06-13 15:00:00',65.04,242.22),(559,1,'2021-06-13 15:20:00',61.43,248.54),(560,1,'2021-06-13 15:40:00',57.67,253.76),(561,1,'2021-06-13 16:00:00',53.82,258.21),(562,1,'2021-06-13 16:20:00',49.91,262.12),(563,1,'2021-06-13 16:40:00',45.96,265.63),(564,1,'2021-06-13 17:00:00',42,268.85),(565,1,'2021-06-13 17:20:00',38.03,271.87),(566,1,'2021-06-13 17:40:00',34.06,274.74),(567,1,'2021-06-13 18:00:00',30.12,277.51),(568,1,'2021-06-13 18:20:00',26.19,280.23),(569,1,'2021-06-13 18:40:00',22.31,282.91),(570,1,'2021-06-13 19:00:00',18.46,285.58),(571,1,'2021-06-13 19:20:00',14.66,288.28),(572,1,'2021-06-13 19:40:00',10.92,291.01),(573,1,'2021-06-13 20:00:00',7.25,293.81),(574,1,'2021-06-13 20:20:00',3.66,296.69),(575,1,'2021-06-13 20:40:00',0.16,299.66),(576,1,'2021-06-13 21:00:00',-3.24,302.76),(577,1,'2021-06-13 21:20:00',-6.51,305.99),(578,1,'2021-06-13 21:40:00',-9.66,309.37),(579,1,'2021-06-14 07:20:00',13.09,70.56),(580,1,'2021-06-14 07:40:00',16.87,73.26),(581,1,'2021-06-14 08:00:00',20.69,75.94),(582,1,'2021-06-14 08:20:00',24.57,78.62),(583,1,'2021-06-14 08:40:00',28.48,81.31),(584,1,'2021-06-14 09:00:00',32.42,84.05),(585,1,'2021-06-14 09:20:00',36.37,86.87),(586,1,'2021-06-14 09:40:00',40.34,89.82),(587,1,'2021-06-14 10:00:00',44.31,92.94),(588,1,'2021-06-14 10:20:00',48.27,96.32),(589,1,'2021-06-14 10:40:00',52.2,100.03),(590,1,'2021-06-14 11:00:00',56.08,104.23),(591,1,'2021-06-14 11:20:00',59.89,109.08),(592,1,'2021-06-14 11:40:00',63.57,114.89),(593,1,'2021-06-14 12:00:00',67.06,122.04),(594,1,'2021-06-14 12:20:00',70.26,131.15),(595,1,'2021-06-14 12:40:00',72.97,142.94),(596,1,'2021-06-14 13:00:00',74.94,158.02),(597,1,'2021-06-14 13:20:00',75.84,175.94),(598,1,'2021-06-14 13:40:00',75.48,194.5),(599,1,'2021-06-14 14:00:00',73.93,210.97),(600,1,'2021-06-14 14:20:00',71.5,224.14),(601,1,'2021-06-14 14:40:00',68.49,234.31),(602,1,'2021-06-14 15:00:00',65.11,242.23),(603,1,'2021-06-14 15:20:00',61.5,248.56),(604,1,'2021-06-14 15:40:00',57.74,253.79),(605,1,'2021-06-14 16:00:00',53.89,258.24),(606,1,'2021-06-14 16:20:00',49.98,262.14),(607,1,'2021-06-14 16:40:00',46.03,265.65),(608,1,'2021-06-14 17:00:00',42.06,268.87),(609,1,'2021-06-14 17:20:00',38.09,271.89),(610,1,'2021-06-14 17:40:00',34.13,274.76),(611,1,'2021-06-14 18:00:00',30.18,277.53),(612,1,'2021-06-14 18:20:00',26.26,280.24),(613,1,'2021-06-14 18:40:00',22.37,282.92),(614,1,'2021-06-14 19:00:00',18.52,285.6),(615,1,'2021-06-14 19:20:00',14.73,288.29),(616,1,'2021-06-14 19:40:00',10.99,291.02),(617,1,'2021-06-14 20:00:00',7.32,293.82),(618,1,'2021-06-14 20:20:00',3.73,296.69),(619,1,'2021-06-14 20:40:00',0.23,299.67),(620,1,'2021-06-14 21:00:00',-3.17,302.76),(621,1,'2021-06-14 21:20:00',-6.45,305.99),(622,1,'2021-06-14 21:40:00',-9.59,309.37),(623,1,'2021-06-15 07:20:00',13.08,70.49),(624,1,'2021-06-15 07:40:00',16.85,73.2),(625,1,'2021-06-15 08:00:00',20.68,75.88),(626,1,'2021-06-15 08:20:00',24.55,78.55),(627,1,'2021-06-15 08:40:00',28.46,81.24),(628,1,'2021-06-15 09:00:00',32.4,83.98),(629,1,'2021-06-15 09:20:00',36.35,86.79),(630,1,'2021-06-15 09:40:00',40.32,89.74),(631,1,'2021-06-15 10:00:00',44.29,92.86),(632,1,'2021-06-15 10:20:00',48.25,96.22),(633,1,'2021-06-15 10:40:00',52.18,99.93),(634,1,'2021-06-15 11:00:00',56.06,104.11),(635,1,'2021-06-15 11:20:00',59.87,108.96),(636,1,'2021-06-15 11:40:00',63.56,114.74),(637,1,'2021-06-15 12:00:00',67.06,121.88),(638,1,'2021-06-15 12:20:00',70.26,130.95),(639,1,'2021-06-15 12:40:00',72.98,142.72),(640,1,'2021-06-15 13:00:00',74.96,157.78),(641,1,'2021-06-15 13:20:00',75.88,175.73),(642,1,'2021-06-15 13:40:00',75.53,194.35),(643,1,'2021-06-15 14:00:00',73.99,210.88),(644,1,'2021-06-15 14:20:00',71.57,224.1),(645,1,'2021-06-15 14:40:00',68.56,234.3),(646,1,'2021-06-15 15:00:00',65.18,242.23),(647,1,'2021-06-15 15:20:00',61.56,248.57),(648,1,'2021-06-15 15:40:00',57.81,253.8),(649,1,'2021-06-15 16:00:00',53.95,258.25),(650,1,'2021-06-15 16:20:00',50.04,262.16),(651,1,'2021-06-15 16:40:00',46.09,265.67),(652,1,'2021-06-15 17:00:00',42.13,268.89),(653,1,'2021-06-15 17:20:00',38.16,271.9),(654,1,'2021-06-15 17:40:00',34.19,274.77),(655,1,'2021-06-15 18:00:00',30.25,277.54),(656,1,'2021-06-15 18:20:00',26.32,280.25),(657,1,'2021-06-15 18:40:00',22.44,282.93),(658,1,'2021-06-15 19:00:00',18.59,285.6),(659,1,'2021-06-15 19:20:00',14.79,288.29),(660,1,'2021-06-15 19:40:00',11.05,291.03),(661,1,'2021-06-15 20:00:00',7.38,293.82),(662,1,'2021-06-15 20:20:00',3.79,296.69),(663,1,'2021-06-15 20:40:00',0.29,299.66),(664,1,'2021-06-15 21:00:00',-3.11,302.75),(665,1,'2021-06-15 21:20:00',-6.38,305.98),(666,1,'2021-06-15 21:40:00',-9.53,309.36),(667,1,'2021-06-16 07:20:00',13.06,70.43),(668,1,'2021-06-16 07:40:00',16.83,73.14),(669,1,'2021-06-16 08:00:00',20.65,75.81),(670,1,'2021-06-16 08:20:00',24.53,78.48),(671,1,'2021-06-16 08:40:00',28.43,81.17),(672,1,'2021-06-16 09:00:00',32.37,83.91),(673,1,'2021-06-16 09:20:00',36.33,86.73),(674,1,'2021-06-16 09:40:00',40.3,89.66),(675,1,'2021-06-16 10:00:00',44.27,92.78),(676,1,'2021-06-16 10:20:00',48.23,96.14),(677,1,'2021-06-16 10:40:00',52.16,99.84),(678,1,'2021-06-16 11:00:00',56.04,104.01),(679,1,'2021-06-16 11:20:00',59.85,108.84),(680,1,'2021-06-16 11:40:00',63.54,114.61),(681,1,'2021-06-16 12:00:00',67.04,121.73),(682,1,'2021-06-16 12:20:00',70.25,130.77),(683,1,'2021-06-16 12:40:00',72.99,142.51),(684,1,'2021-06-16 13:00:00',74.98,157.56),(685,1,'2021-06-16 13:20:00',75.91,175.52),(686,1,'2021-06-16 13:40:00',75.58,194.18),(687,1,'2021-06-16 14:00:00',74.05,210.77),(688,1,'2021-06-16 14:20:00',71.62,224.04),(689,1,'2021-06-16 14:40:00',68.62,234.27),(690,1,'2021-06-16 15:00:00',65.24,242.22),(691,1,'2021-06-16 15:20:00',61.62,248.56),(692,1,'2021-06-16 15:40:00',57.87,253.8),(693,1,'2021-06-16 16:00:00',54.01,258.26),(694,1,'2021-06-16 16:20:00',50.1,262.16),(695,1,'2021-06-16 16:40:00',46.15,265.67),(696,1,'2021-06-16 17:00:00',42.19,268.89),(697,1,'2021-06-16 17:20:00',38.22,271.91),(698,1,'2021-06-16 17:40:00',34.25,274.78),(699,1,'2021-06-16 18:00:00',30.31,277.55),(700,1,'2021-06-16 18:20:00',26.38,280.26),(701,1,'2021-06-16 18:40:00',22.49,282.93),(702,1,'2021-06-16 19:00:00',18.65,285.6),(703,1,'2021-06-16 19:20:00',14.85,288.29),(704,1,'2021-06-16 19:40:00',11.11,291.02),(705,1,'2021-06-16 20:00:00',7.44,293.82),(706,1,'2021-06-16 20:20:00',3.85,296.69),(707,1,'2021-06-16 20:40:00',0.35,299.66),(708,1,'2021-06-16 21:00:00',-3.05,302.74),(709,1,'2021-06-16 21:20:00',-6.32,305.97),(710,1,'2021-06-16 21:40:00',-9.47,309.34),(711,1,'2021-06-17 07:20:00',13.03,70.38),(712,1,'2021-06-17 07:40:00',16.8,73.08),(713,1,'2021-06-17 08:00:00',20.63,75.76),(714,1,'2021-06-17 08:20:00',24.5,78.43),(715,1,'2021-06-17 08:40:00',28.41,81.11),(716,1,'2021-06-17 09:00:00',32.34,83.85),(717,1,'2021-06-17 09:20:00',36.3,86.66),(718,1,'2021-06-17 09:40:00',40.27,89.6),(719,1,'2021-06-17 10:00:00',44.24,92.71),(720,1,'2021-06-17 10:20:00',48.2,96.06),(721,1,'2021-06-17 10:40:00',52.13,99.76),(722,1,'2021-06-17 11:00:00',56.02,103.92),(723,1,'2021-06-17 11:20:00',59.83,108.74),(724,1,'2021-06-17 11:40:00',63.52,114.49),(725,1,'2021-06-17 12:00:00',67.03,121.59),(726,1,'2021-06-17 12:20:00',70.24,130.61),(727,1,'2021-06-17 12:40:00',72.98,142.32),(728,1,'2021-06-17 13:00:00',74.99,157.34),(729,1,'2021-06-17 13:20:00',75.94,175.31),(730,1,'2021-06-17 13:40:00',75.61,194.01),(731,1,'2021-06-17 14:00:00',74.09,210.66),(732,1,'2021-06-17 14:20:00',71.68,223.97),(733,1,'2021-06-17 14:40:00',68.67,234.23),(734,1,'2021-06-17 15:00:00',65.29,242.19),(735,1,'2021-06-17 15:20:00',61.68,248.55),(736,1,'2021-06-17 15:40:00',57.92,253.79),(737,1,'2021-06-17 16:00:00',54.07,258.25),(738,1,'2021-06-17 16:20:00',50.16,262.16),(739,1,'2021-06-17 16:40:00',46.21,265.67),(740,1,'2021-06-17 17:00:00',42.24,268.89),(741,1,'2021-06-17 17:20:00',38.27,271.91),(742,1,'2021-06-17 17:40:00',34.31,274.78),(743,1,'2021-06-17 18:00:00',30.36,277.55),(744,1,'2021-06-17 18:20:00',26.44,280.25),(745,1,'2021-06-17 18:40:00',22.55,282.93),(746,1,'2021-06-17 19:00:00',18.7,285.6),(747,1,'2021-06-17 19:20:00',14.91,288.29),(748,1,'2021-06-17 19:40:00',11.17,291.02),(749,1,'2021-06-17 20:00:00',7.5,293.81),(750,1,'2021-06-17 20:20:00',3.9,296.68),(751,1,'2021-06-17 20:40:00',0.4,299.64),(752,1,'2021-06-17 21:00:00',-2.99,302.73),(753,1,'2021-06-17 21:20:00',-6.27,305.95),(754,1,'2021-06-17 21:40:00',-9.42,309.32),(755,1,'2021-06-18 07:20:00',13.01,70.33),(756,1,'2021-06-18 07:40:00',16.78,73.03),(757,1,'2021-06-18 08:00:00',20.6,75.71),(758,1,'2021-06-18 08:20:00',24.47,78.38),(759,1,'2021-06-18 08:40:00',28.38,81.06),(760,1,'2021-06-18 09:00:00',32.31,83.8),(761,1,'2021-06-18 09:20:00',36.27,86.61),(762,1,'2021-06-18 09:40:00',40.24,89.54),(763,1,'2021-06-18 10:00:00',44.21,92.65),(764,1,'2021-06-18 10:20:00',48.17,96),(765,1,'2021-06-18 10:40:00',52.1,99.68),(766,1,'2021-06-18 11:00:00',55.99,103.84),(767,1,'2021-06-18 11:20:00',59.8,108.65),(768,1,'2021-06-18 11:40:00',63.49,114.38),(769,1,'2021-06-18 12:00:00',67.01,121.46),(770,1,'2021-06-18 12:20:00',70.22,130.45),(771,1,'2021-06-18 12:40:00',72.98,142.13),(772,1,'2021-06-18 13:00:00',75,157.13),(773,1,'2021-06-18 13:20:00',75.96,175.1),(774,1,'2021-06-18 13:40:00',75.65,193.83),(775,1,'2021-06-18 14:00:00',74.14,210.53),(776,1,'2021-06-18 14:20:00',71.72,223.88),(777,1,'2021-06-18 14:40:00',68.72,234.17),(778,1,'2021-06-18 15:00:00',65.34,242.15),(779,1,'2021-06-18 15:20:00',61.73,248.52),(780,1,'2021-06-18 15:40:00',57.98,253.77),(781,1,'2021-06-18 16:00:00',54.12,258.24),(782,1,'2021-06-18 16:20:00',50.21,262.15),(783,1,'2021-06-18 16:40:00',46.26,265.66),(784,1,'2021-06-18 17:00:00',42.3,268.88),(785,1,'2021-06-18 17:20:00',38.33,271.9),(786,1,'2021-06-18 17:40:00',34.36,274.77),(787,1,'2021-06-18 18:00:00',30.42,277.54),(788,1,'2021-06-18 18:20:00',26.49,280.24),(789,1,'2021-06-18 18:40:00',22.6,282.92),(790,1,'2021-06-18 19:00:00',18.76,285.59),(791,1,'2021-06-18 19:20:00',14.96,288.27),(792,1,'2021-06-18 19:40:00',11.22,291),(793,1,'2021-06-18 20:00:00',7.55,293.79),(794,1,'2021-06-18 20:20:00',3.96,296.66),(795,1,'2021-06-18 20:40:00',0.45,299.63),(796,1,'2021-06-18 21:00:00',-2.94,302.71),(797,1,'2021-06-18 21:20:00',-6.22,305.93),(798,1,'2021-06-18 21:40:00',-9.37,309.3),(799,1,'2021-06-19 07:20:00',12.98,70.28),(800,1,'2021-06-19 07:40:00',16.74,72.99),(801,1,'2021-06-19 08:00:00',20.57,75.67),(802,1,'2021-06-19 08:20:00',24.44,78.33),(803,1,'2021-06-19 08:40:00',28.34,81.02),(804,1,'2021-06-19 09:00:00',32.28,83.75),(805,1,'2021-06-19 09:20:00',36.23,86.56),(806,1,'2021-06-19 09:40:00',40.2,89.49),(807,1,'2021-06-19 10:00:00',44.17,92.59),(808,1,'2021-06-19 10:20:00',48.13,95.94),(809,1,'2021-06-19 10:40:00',52.07,99.62),(810,1,'2021-06-19 11:00:00',55.95,103.77),(811,1,'2021-06-19 11:20:00',59.77,108.57),(812,1,'2021-06-19 11:40:00',63.46,114.29),(813,1,'2021-06-19 12:00:00',66.98,121.34),(814,1,'2021-06-19 12:20:00',70.2,130.31),(815,1,'2021-06-19 12:40:00',72.96,141.96),(816,1,'2021-06-19 13:00:00',74.99,156.93),(817,1,'2021-06-19 13:20:00',75.97,174.89),(818,1,'2021-06-19 13:40:00',75.67,193.65),(819,1,'2021-06-19 14:00:00',74.17,210.39),(820,1,'2021-06-19 14:20:00',71.77,223.78),(821,1,'2021-06-19 14:40:00',68.77,234.1),(822,1,'2021-06-19 15:00:00',65.39,242.1),(823,1,'2021-06-19 15:20:00',61.78,248.48),(824,1,'2021-06-19 15:40:00',58.03,253.74),(825,1,'2021-06-19 16:00:00',54.17,258.21),(826,1,'2021-06-19 16:20:00',50.26,262.13),(827,1,'2021-06-19 16:40:00',46.31,265.64),(828,1,'2021-06-19 17:00:00',42.35,268.86),(829,1,'2021-06-19 17:20:00',38.38,271.88),(830,1,'2021-06-19 17:40:00',34.41,274.75),(831,1,'2021-06-19 18:00:00',30.47,277.52),(832,1,'2021-06-19 18:20:00',26.54,280.23),(833,1,'2021-06-19 18:40:00',22.65,282.9),(834,1,'2021-06-19 19:00:00',18.8,285.57),(835,1,'2021-06-19 19:20:00',15.01,288.26),(836,1,'2021-06-19 19:40:00',11.27,290.98),(837,1,'2021-06-19 20:00:00',7.59,293.77),(838,1,'2021-06-19 20:20:00',4,296.64),(839,1,'2021-06-19 20:40:00',0.5,299.6),(840,1,'2021-06-19 21:00:00',-2.9,302.68),(841,1,'2021-06-19 21:20:00',-6.18,305.9),(842,1,'2021-06-19 21:40:00',-9.33,309.27),(843,1,'2021-06-20 07:20:00',12.94,70.25),(844,1,'2021-06-20 07:40:00',16.71,72.95),(845,1,'2021-06-20 08:00:00',20.53,75.63),(846,1,'2021-06-20 08:20:00',24.4,78.3),(847,1,'2021-06-20 08:40:00',28.3,80.98),(848,1,'2021-06-20 09:00:00',32.24,83.71),(849,1,'2021-06-20 09:20:00',36.2,86.52),(850,1,'2021-06-20 09:40:00',40.16,89.45),(851,1,'2021-06-20 10:00:00',44.13,92.55),(852,1,'2021-06-20 10:20:00',48.09,95.89),(853,1,'2021-06-20 10:40:00',52.03,99.57),(854,1,'2021-06-20 11:00:00',55.92,103.71),(855,1,'2021-06-20 11:20:00',59.73,108.5),(856,1,'2021-06-20 11:40:00',63.43,114.21),(857,1,'2021-06-20 12:00:00',66.95,121.24),(858,1,'2021-06-20 12:20:00',70.18,130.19),(859,1,'2021-06-20 12:40:00',72.94,141.8),(860,1,'2021-06-20 13:00:00',74.98,156.74),(861,1,'2021-06-20 13:20:00',75.97,174.68),(862,1,'2021-06-20 13:40:00',75.69,193.46),(863,1,'2021-06-20 14:00:00',74.2,210.23),(864,1,'2021-06-20 14:20:00',71.8,223.67),(865,1,'2021-06-20 14:40:00',68.81,234.01),(866,1,'2021-06-20 15:00:00',65.43,242.04),(867,1,'2021-06-20 15:20:00',61.83,248.43),(868,1,'2021-06-20 15:40:00',58.07,253.7),(869,1,'2021-06-20 16:00:00',54.22,258.18),(870,1,'2021-06-20 16:20:00',50.31,262.1),(871,1,'2021-06-20 16:40:00',46.36,265.61),(872,1,'2021-06-20 17:00:00',42.39,268.84),(873,1,'2021-06-20 17:20:00',38.42,271.86),(874,1,'2021-06-20 17:40:00',34.46,274.73),(875,1,'2021-06-20 18:00:00',30.51,277.5),(876,1,'2021-06-20 18:20:00',26.59,280.2),(877,1,'2021-06-20 18:40:00',22.7,282.88),(878,1,'2021-06-20 19:00:00',18.85,285.54),(879,1,'2021-06-20 19:20:00',15.05,288.23),(880,1,'2021-06-20 19:40:00',11.31,290.96),(881,1,'2021-06-20 20:00:00',7.64,293.74),(882,1,'2021-06-20 20:20:00',4.04,296.61),(883,1,'2021-06-20 20:40:00',0.54,299.57),(884,1,'2021-06-20 21:00:00',-2.86,302.65),(885,1,'2021-06-20 21:20:00',-6.14,305.87),(886,1,'2021-06-20 21:40:00',-9.29,309.23),(887,1,'2021-06-21 07:20:00',12.9,70.21),(888,1,'2021-06-21 07:40:00',16.67,72.92),(889,1,'2021-06-21 08:00:00',20.49,75.6),(890,1,'2021-06-21 08:20:00',24.36,78.26),(891,1,'2021-06-21 08:40:00',28.26,80.95),(892,1,'2021-06-21 09:00:00',32.2,83.68),(893,1,'2021-06-21 09:20:00',36.15,86.48),(894,1,'2021-06-21 09:40:00',40.12,89.41),(895,1,'2021-06-21 10:00:00',44.09,92.51),(896,1,'2021-06-21 10:20:00',48.05,95.85),(897,1,'2021-06-21 10:40:00',51.99,99.52),(898,1,'2021-06-21 11:00:00',55.87,103.66),(899,1,'2021-06-21 11:20:00',59.69,108.44),(900,1,'2021-06-21 11:40:00',63.39,114.14),(901,1,'2021-06-21 12:00:00',66.91,121.15),(902,1,'2021-06-21 12:20:00',70.14,130.08),(903,1,'2021-06-21 12:40:00',72.92,141.66),(904,1,'2021-06-21 13:00:00',74.97,156.56),(905,1,'2021-06-21 13:20:00',75.97,174.47),(906,1,'2021-06-21 13:40:00',75.7,193.26),(907,1,'2021-06-21 14:00:00',74.22,210.07),(908,1,'2021-06-21 14:20:00',71.83,223.54),(909,1,'2021-06-21 14:40:00',68.84,233.92),(910,1,'2021-06-21 15:00:00',65.47,241.96),(911,1,'2021-06-21 15:20:00',61.87,248.37),(912,1,'2021-06-21 15:40:00',58.11,253.65),(913,1,'2021-06-21 16:00:00',54.26,258.13),(914,1,'2021-06-21 16:20:00',50.35,262.05),(915,1,'2021-06-21 16:40:00',46.4,265.57),(916,1,'2021-06-21 17:00:00',42.44,268.8),(917,1,'2021-06-21 17:20:00',38.47,271.82),(918,1,'2021-06-21 17:40:00',34.5,274.7),(919,1,'2021-06-21 18:00:00',30.55,277.47),(920,1,'2021-06-21 18:20:00',26.63,280.17),(921,1,'2021-06-21 18:40:00',22.74,282.85),(922,1,'2021-06-21 19:00:00',18.89,285.51),(923,1,'2021-06-21 19:20:00',15.09,288.2),(924,1,'2021-06-21 19:40:00',11.35,290.93),(925,1,'2021-06-21 20:00:00',7.68,293.71),(926,1,'2021-06-21 20:20:00',4.08,296.58),(927,1,'2021-06-21 20:40:00',0.58,299.54),(928,1,'2021-06-21 21:00:00',-2.82,302.62),(929,1,'2021-06-21 21:20:00',-6.11,305.83),(930,1,'2021-06-21 21:40:00',-9.26,309.2),(931,1,'2021-06-22 07:20:00',12.86,70.19),(932,1,'2021-06-22 07:40:00',16.62,72.89),(933,1,'2021-06-22 08:00:00',20.45,75.57),(934,1,'2021-06-22 08:20:00',24.31,78.24),(935,1,'2021-06-22 08:40:00',28.22,80.92),(936,1,'2021-06-22 09:00:00',32.15,83.65),(937,1,'2021-06-22 09:20:00',36.11,86.46),(938,1,'2021-06-22 09:40:00',40.08,89.38),(939,1,'2021-06-22 10:00:00',44.04,92.48),(940,1,'2021-06-22 10:20:00',48,95.82),(941,1,'2021-06-22 10:40:00',51.94,99.49),(942,1,'2021-06-22 11:00:00',55.83,103.62),(943,1,'2021-06-22 11:20:00',59.65,108.39),(944,1,'2021-06-22 11:40:00',63.35,114.08),(945,1,'2021-06-22 12:00:00',66.87,121.08),(946,1,'2021-06-22 12:20:00',70.11,129.98),(947,1,'2021-06-22 12:40:00',72.88,141.52),(948,1,'2021-06-22 13:00:00',74.94,156.38),(949,1,'2021-06-22 13:20:00',75.96,174.27),(950,1,'2021-06-22 13:40:00',75.7,193.06),(951,1,'2021-06-22 14:00:00',74.24,209.89),(952,1,'2021-06-22 14:20:00',71.86,223.4),(953,1,'2021-06-22 14:40:00',68.87,233.81),(954,1,'2021-06-22 15:00:00',65.51,241.87),(955,1,'2021-06-22 15:20:00',61.9,248.3),(956,1,'2021-06-22 15:40:00',58.15,253.58),(957,1,'2021-06-22 16:00:00',54.3,258.08),(958,1,'2021-06-22 16:20:00',50.39,262.01),(959,1,'2021-06-22 16:40:00',46.44,265.53),(960,1,'2021-06-22 17:00:00',42.48,268.76),(961,1,'2021-06-22 17:20:00',38.51,271.78),(962,1,'2021-06-22 17:40:00',34.54,274.66),(963,1,'2021-06-22 18:00:00',30.59,277.43),(964,1,'2021-06-22 18:20:00',26.67,280.14),(965,1,'2021-06-22 18:40:00',22.78,282.81),(966,1,'2021-06-22 19:00:00',18.93,285.48),(967,1,'2021-06-22 19:20:00',15.13,288.17),(968,1,'2021-06-22 19:40:00',11.39,290.89),(969,1,'2021-06-22 20:00:00',7.71,293.68),(970,1,'2021-06-22 20:20:00',4.12,296.54),(971,1,'2021-06-22 20:40:00',0.61,299.5),(972,1,'2021-06-22 21:00:00',-2.79,302.58),(973,1,'2021-06-22 21:20:00',-6.08,305.79),(974,1,'2021-06-22 21:40:00',-9.23,309.15),(975,1,'2021-06-23 07:20:00',12.81,70.17),(976,1,'2021-06-23 07:40:00',16.58,72.88),(977,1,'2021-06-23 08:00:00',20.4,75.55),(978,1,'2021-06-23 08:20:00',24.26,78.22),(979,1,'2021-06-23 08:40:00',28.17,80.91),(980,1,'2021-06-23 09:00:00',32.1,83.63),(981,1,'2021-06-23 09:20:00',36.06,86.44),(982,1,'2021-06-23 09:40:00',40.03,89.37),(983,1,'2021-06-23 10:00:00',44,92.46),(984,1,'2021-06-23 10:20:00',47.96,95.8),(985,1,'2021-06-23 10:40:00',51.89,99.46),(986,1,'2021-06-23 11:00:00',55.78,103.59),(987,1,'2021-06-23 11:20:00',59.6,108.35),(988,1,'2021-06-23 11:40:00',63.3,114.03),(989,1,'2021-06-23 12:00:00',66.83,121.02),(990,1,'2021-06-23 12:20:00',70.06,129.89),(991,1,'2021-06-23 12:40:00',72.85,141.41),(992,1,'2021-06-23 13:00:00',74.91,156.22),(993,1,'2021-06-23 13:20:00',75.94,174.07),(994,1,'2021-06-23 13:40:00',75.7,192.85),(995,1,'2021-06-23 14:00:00',74.25,209.71),(996,1,'2021-06-23 14:20:00',71.88,223.25),(997,1,'2021-06-23 14:40:00',68.9,233.68),(998,1,'2021-06-23 15:00:00',65.54,241.77),(999,1,'2021-06-23 15:20:00',61.94,248.21),(1000,1,'2021-06-23 15:40:00',58.18,253.51),(1001,1,'2021-06-23 16:00:00',54.33,258.01),(1002,1,'2021-06-23 16:20:00',50.42,261.95),(1003,1,'2021-06-23 16:40:00',46.48,265.48),(1004,1,'2021-06-23 17:00:00',42.51,268.71),(1005,1,'2021-06-23 17:20:00',38.54,271.74),(1006,1,'2021-06-23 17:40:00',34.58,274.61),(1007,1,'2021-06-23 18:00:00',30.63,277.38),(1008,1,'2021-06-23 18:20:00',26.7,280.09),(1009,1,'2021-06-23 18:40:00',22.81,282.77),(1010,1,'2021-06-23 19:00:00',18.96,285.44),(1011,1,'2021-06-23 19:20:00',15.16,288.12),(1012,1,'2021-06-23 19:40:00',11.42,290.85),(1013,1,'2021-06-23 20:00:00',7.74,293.63),(1014,1,'2021-06-23 20:20:00',4.14,296.5),(1015,1,'2021-06-23 20:40:00',0.64,299.46),(1016,1,'2021-06-23 21:00:00',-2.77,302.53),(1017,1,'2021-06-23 21:20:00',-6.05,305.74),(1018,1,'2021-06-23 21:40:00',-9.21,309.11),(1019,1,'2021-06-24 07:20:00',12.76,70.15),(1020,1,'2021-06-24 07:40:00',16.53,72.86),(1021,1,'2021-06-24 08:00:00',20.35,75.54),(1022,1,'2021-06-24 08:20:00',24.21,78.21),(1023,1,'2021-06-24 08:40:00',28.12,80.89),(1024,1,'2021-06-24 09:00:00',32.05,83.62),(1025,1,'2021-06-24 09:20:00',36.01,86.43),(1026,1,'2021-06-24 09:40:00',39.97,89.35),(1027,1,'2021-06-24 10:00:00',43.94,92.45),(1028,1,'2021-06-24 10:20:00',47.9,95.78),(1029,1,'2021-06-24 10:40:00',51.84,99.45),(1030,1,'2021-06-24 11:00:00',55.73,103.57),(1031,1,'2021-06-24 11:20:00',59.55,108.33),(1032,1,'2021-06-24 11:40:00',63.25,114),(1033,1,'2021-06-24 12:00:00',66.78,120.97),(1034,1,'2021-06-24 12:20:00',70.02,129.82),(1035,1,'2021-06-24 12:40:00',72.8,141.3),(1036,1,'2021-06-24 13:00:00',74.88,156.07),(1037,1,'2021-06-24 13:20:00',75.92,173.88),(1038,1,'2021-06-24 13:40:00',75.69,192.64),(1039,1,'2021-06-24 14:00:00',74.25,209.51),(1040,1,'2021-06-24 14:20:00',71.89,223.08),(1041,1,'2021-06-24 14:40:00',68.92,233.54),(1042,1,'2021-06-24 15:00:00',65.56,241.66),(1043,1,'2021-06-24 15:20:00',61.96,248.11),(1044,1,'2021-06-24 15:40:00',58.21,253.43),(1045,1,'2021-06-24 16:00:00',54.37,257.94),(1046,1,'2021-06-24 16:20:00',50.46,261.88),(1047,1,'2021-06-24 16:40:00',46.51,265.41),(1048,1,'2021-06-24 17:00:00',42.54,268.65),(1049,1,'2021-06-24 17:20:00',38.57,271.68),(1050,1,'2021-06-24 17:40:00',34.61,274.56),(1051,1,'2021-06-24 18:00:00',30.66,277.33),(1052,1,'2021-06-24 18:20:00',26.74,280.04),(1053,1,'2021-06-24 18:40:00',22.84,282.72),(1054,1,'2021-06-24 19:00:00',18.99,285.39),(1055,1,'2021-06-24 19:20:00',15.19,288.08),(1056,1,'2021-06-24 19:40:00',11.44,290.8),(1057,1,'2021-06-24 20:00:00',7.77,293.59),(1058,1,'2021-06-24 20:20:00',4.17,296.45),(1059,1,'2021-06-24 20:40:00',0.66,299.41),(1060,1,'2021-06-24 21:00:00',-2.75,302.48),(1061,1,'2021-06-24 21:20:00',-6.03,305.69),(1062,1,'2021-06-24 21:40:00',-9.19,309.05),(1063,1,'2021-06-25 07:20:00',12.71,70.14),(1064,1,'2021-06-25 07:40:00',16.47,72.86),(1065,1,'2021-06-25 08:00:00',20.29,75.53),(1066,1,'2021-06-25 08:20:00',24.16,78.2),(1067,1,'2021-06-25 08:40:00',28.06,80.89),(1068,1,'2021-06-25 09:00:00',32,83.62),(1069,1,'2021-06-25 09:20:00',35.95,86.43),(1070,1,'2021-06-25 09:40:00',39.92,89.35),(1071,1,'2021-06-25 10:00:00',43.89,92.45),(1072,1,'2021-06-25 10:20:00',47.85,95.78),(1073,1,'2021-06-25 10:40:00',51.78,99.44),(1074,1,'2021-06-25 11:00:00',55.67,103.56),(1075,1,'2021-06-25 11:20:00',59.49,108.32),(1076,1,'2021-06-25 11:40:00',63.2,113.98),(1077,1,'2021-06-25 12:00:00',66.72,120.94),(1078,1,'2021-06-25 12:20:00',69.96,129.77),(1079,1,'2021-06-25 12:40:00',72.76,141.21),(1080,1,'2021-06-25 13:00:00',74.84,155.93),(1081,1,'2021-06-25 13:20:00',75.89,173.69),(1082,1,'2021-06-25 13:40:00',75.67,192.43),(1083,1,'2021-06-25 14:00:00',74.25,209.31),(1084,1,'2021-06-25 14:20:00',71.9,222.9),(1085,1,'2021-06-25 14:40:00',68.93,233.39),(1086,1,'2021-06-25 15:00:00',65.58,241.53),(1087,1,'2021-06-25 15:20:00',61.99,248.01),(1088,1,'2021-06-25 15:40:00',58.24,253.33),(1089,1,'2021-06-25 16:00:00',54.39,257.85),(1090,1,'2021-06-25 16:20:00',50.48,261.8),(1091,1,'2021-06-25 16:40:00',46.54,265.34),(1092,1,'2021-06-25 17:00:00',42.57,268.59),(1093,1,'2021-06-25 17:20:00',38.6,271.62),(1094,1,'2021-06-25 17:40:00',34.64,274.5),(1095,1,'2021-06-25 18:00:00',30.69,277.28),(1096,1,'2021-06-25 18:20:00',26.76,279.99),(1097,1,'2021-06-25 18:40:00',22.87,282.67),(1098,1,'2021-06-25 19:00:00',19.02,285.34),(1099,1,'2021-06-25 19:20:00',15.21,288.02),(1100,1,'2021-06-25 19:40:00',11.47,290.75),(1101,1,'2021-06-25 20:00:00',7.79,293.53),(1102,1,'2021-06-25 20:20:00',4.19,296.4),(1103,1,'2021-06-25 20:40:00',0.68,299.35),(1104,1,'2021-06-25 21:00:00',-2.73,302.43),(1105,1,'2021-06-25 21:20:00',-6.02,305.64),(1106,1,'2021-06-25 21:40:00',-9.18,309),(1107,1,'2021-06-26 07:20:00',12.65,70.14),(1108,1,'2021-06-26 07:40:00',16.41,72.85),(1109,1,'2021-06-26 08:00:00',20.23,75.53),(1110,1,'2021-06-26 08:20:00',24.1,78.21),(1111,1,'2021-06-26 08:40:00',28,80.89),(1112,1,'2021-06-26 09:00:00',31.94,83.62),(1113,1,'2021-06-26 09:20:00',35.89,86.43),(1114,1,'2021-06-26 09:40:00',39.86,89.36),(1115,1,'2021-06-26 10:00:00',43.83,92.45),(1116,1,'2021-06-26 10:20:00',47.79,95.78),(1117,1,'2021-06-26 10:40:00',51.73,99.45),(1118,1,'2021-06-26 11:00:00',55.62,103.56),(1119,1,'2021-06-26 11:20:00',59.43,108.32),(1120,1,'2021-06-26 11:40:00',63.14,113.97),(1121,1,'2021-06-26 12:00:00',66.66,120.92),(1122,1,'2021-06-26 12:20:00',69.91,129.73),(1123,1,'2021-06-26 12:40:00',72.7,141.14),(1124,1,'2021-06-26 13:00:00',74.79,155.81),(1125,1,'2021-06-26 13:20:00',75.85,173.5),(1126,1,'2021-06-26 13:40:00',75.65,192.21),(1127,1,'2021-06-26 14:00:00',74.24,209.09),(1128,1,'2021-06-26 14:20:00',71.9,222.71),(1129,1,'2021-06-26 14:40:00',68.94,233.23),(1130,1,'2021-06-26 15:00:00',65.59,241.39),(1131,1,'2021-06-26 15:20:00',62,247.89),(1132,1,'2021-06-26 15:40:00',58.26,253.23),(1133,1,'2021-06-26 16:00:00',54.41,257.76),(1134,1,'2021-06-26 16:20:00',50.51,261.72),(1135,1,'2021-06-26 16:40:00',46.56,265.26),(1136,1,'2021-06-26 17:00:00',42.6,268.51),(1137,1,'2021-06-26 17:20:00',38.63,271.55),(1138,1,'2021-06-26 17:40:00',34.66,274.43),(1139,1,'2021-06-26 18:00:00',30.71,277.21),(1140,1,'2021-06-26 18:20:00',26.78,279.93),(1141,1,'2021-06-26 18:40:00',22.89,282.61),(1142,1,'2021-06-26 19:00:00',19.04,285.28),(1143,1,'2021-06-26 19:20:00',15.23,287.97),(1144,1,'2021-06-26 19:40:00',11.48,290.69),(1145,1,'2021-06-26 20:00:00',7.81,293.48),(1146,1,'2021-06-26 20:20:00',4.2,296.34),(1147,1,'2021-06-26 20:40:00',0.69,299.3),(1148,1,'2021-06-26 21:00:00',-2.72,302.37),(1149,1,'2021-06-26 21:20:00',-6.01,305.58),(1150,1,'2021-06-26 21:40:00',-9.17,308.94),(1151,1,'2021-06-27 07:20:00',12.59,70.15),(1152,1,'2021-06-27 07:40:00',16.35,72.86),(1153,1,'2021-06-27 08:00:00',20.17,75.54),(1154,1,'2021-06-27 08:20:00',24.04,78.21),(1155,1,'2021-06-27 08:40:00',27.94,80.9),(1156,1,'2021-06-27 09:00:00',31.88,83.63),(1157,1,'2021-06-27 09:20:00',35.83,86.44),(1158,1,'2021-06-27 09:40:00',39.8,89.37),(1159,1,'2021-06-27 10:00:00',43.77,92.47),(1160,1,'2021-06-27 10:20:00',47.73,95.8),(1161,1,'2021-06-27 10:40:00',51.66,99.46),(1162,1,'2021-06-27 11:00:00',55.55,103.58),(1163,1,'2021-06-27 11:20:00',59.37,108.33),(1164,1,'2021-06-27 11:40:00',63.08,113.98),(1165,1,'2021-06-27 12:00:00',66.6,120.91),(1166,1,'2021-06-27 12:20:00',69.85,129.7),(1167,1,'2021-06-27 12:40:00',72.64,141.07),(1168,1,'2021-06-27 13:00:00',74.73,155.69),(1169,1,'2021-06-27 13:20:00',75.8,173.33),(1170,1,'2021-06-27 13:40:00',75.62,191.99),(1171,1,'2021-06-27 14:00:00',74.22,208.87),(1172,1,'2021-06-27 14:20:00',71.89,222.51),(1173,1,'2021-06-27 14:40:00',68.94,233.06),(1174,1,'2021-06-27 15:00:00',65.6,241.24),(1175,1,'2021-06-27 15:20:00',62.02,247.76),(1176,1,'2021-06-27 15:40:00',58.28,253.11),(1177,1,'2021-06-27 16:00:00',54.43,257.65),(1178,1,'2021-06-27 16:20:00',50.53,261.62),(1179,1,'2021-06-27 16:40:00',46.58,265.18),(1180,1,'2021-06-27 17:00:00',42.62,268.43),(1181,1,'2021-06-27 17:20:00',38.65,271.47),(1182,1,'2021-06-27 17:40:00',34.68,274.36),(1183,1,'2021-06-27 18:00:00',30.73,277.14),(1184,1,'2021-06-27 18:20:00',26.8,279.86),(1185,1,'2021-06-27 18:40:00',22.91,282.54),(1186,1,'2021-06-27 19:00:00',19.05,285.21),(1187,1,'2021-06-27 19:20:00',15.25,287.9),(1188,1,'2021-06-27 19:40:00',11.5,290.63),(1189,1,'2021-06-27 20:00:00',7.82,293.41),(1190,1,'2021-06-27 20:20:00',4.21,296.27),(1191,1,'2021-06-27 20:40:00',0.7,299.23),(1192,1,'2021-06-27 21:00:00',-2.71,302.31),(1193,1,'2021-06-27 21:20:00',-6.01,305.51),(1194,1,'2021-06-27 21:40:00',-9.17,308.87),(1195,1,'2021-06-28 07:20:00',12.52,70.16),(1196,1,'2021-06-28 07:40:00',16.29,72.87),(1197,1,'2021-06-28 08:00:00',20.11,75.56),(1198,1,'2021-06-28 08:20:00',23.97,78.23),(1199,1,'2021-06-28 08:40:00',27.88,80.92),(1200,1,'2021-06-28 09:00:00',31.81,83.65),(1201,1,'2021-06-28 09:20:00',35.77,86.46),(1202,1,'2021-06-28 09:40:00',39.74,89.39),(1203,1,'2021-06-28 10:00:00',43.71,92.49),(1204,1,'2021-06-28 10:20:00',47.66,95.82),(1205,1,'2021-06-28 10:40:00',51.6,99.48),(1206,1,'2021-06-28 11:00:00',55.49,103.6),(1207,1,'2021-06-28 11:20:00',59.31,108.35),(1208,1,'2021-06-28 11:40:00',63.01,113.99),(1209,1,'2021-06-28 12:00:00',66.54,120.92),(1210,1,'2021-06-28 12:20:00',69.78,129.69),(1211,1,'2021-06-28 12:40:00',72.58,141.03),(1212,1,'2021-06-28 13:00:00',74.67,155.59),(1213,1,'2021-06-28 13:20:00',75.75,173.16),(1214,1,'2021-06-28 13:40:00',75.58,191.77),(1215,1,'2021-06-28 14:00:00',74.2,208.64),(1216,1,'2021-06-28 14:20:00',71.88,222.3),(1217,1,'2021-06-28 14:40:00',68.94,232.87),(1218,1,'2021-06-28 15:00:00',65.61,241.08),(1219,1,'2021-06-28 15:20:00',62.03,247.61),(1220,1,'2021-06-28 15:40:00',58.29,252.99),(1221,1,'2021-06-28 16:00:00',54.45,257.54),(1222,1,'2021-06-28 16:20:00',50.54,261.52),(1223,1,'2021-06-28 16:40:00',46.6,265.08),(1224,1,'2021-06-28 17:00:00',42.63,268.34),(1225,1,'2021-06-28 17:20:00',38.66,271.39),(1226,1,'2021-06-28 17:40:00',34.7,274.28),(1227,1,'2021-06-28 18:00:00',30.75,277.07),(1228,1,'2021-06-28 18:20:00',26.82,279.79),(1229,1,'2021-06-28 18:40:00',22.92,282.47),(1230,1,'2021-06-28 19:00:00',19.07,285.14),(1231,1,'2021-06-28 19:20:00',15.26,287.83),(1232,1,'2021-06-28 19:40:00',11.51,290.56),(1233,1,'2021-06-28 20:00:00',7.82,293.34),(1234,1,'2021-06-28 20:20:00',4.22,296.21),(1235,1,'2021-06-28 20:40:00',0.7,299.17),(1236,1,'2021-06-28 21:00:00',-2.71,302.24),(1237,1,'2021-06-28 21:20:00',-6.01,305.45),(1238,1,'2021-06-28 21:40:00',-9.18,308.8),(1239,1,'2021-06-29 07:20:00',12.45,70.17),(1240,1,'2021-06-29 07:40:00',16.22,72.89),(1241,1,'2021-06-29 08:00:00',20.04,75.57),(1242,1,'2021-06-29 08:20:00',23.91,78.25),(1243,1,'2021-06-29 08:40:00',27.81,80.94),(1244,1,'2021-06-29 09:00:00',31.75,83.68),(1245,1,'2021-06-29 09:20:00',35.7,86.49),(1246,1,'2021-06-29 09:40:00',39.67,89.42),(1247,1,'2021-06-29 10:00:00',43.64,92.52),(1248,1,'2021-06-29 10:20:00',47.6,95.86),(1249,1,'2021-06-29 10:40:00',51.53,99.52),(1250,1,'2021-06-29 11:00:00',55.42,103.63),(1251,1,'2021-06-29 11:20:00',59.24,108.38),(1252,1,'2021-06-29 11:40:00',62.94,114.02),(1253,1,'2021-06-29 12:00:00',66.46,120.94),(1254,1,'2021-06-29 12:20:00',69.71,129.69),(1255,1,'2021-06-29 12:40:00',72.51,141),(1256,1,'2021-06-29 13:00:00',74.61,155.5),(1257,1,'2021-06-29 13:20:00',75.69,172.99),(1258,1,'2021-06-29 13:40:00',75.53,191.55),(1259,1,'2021-06-29 14:00:00',74.16,208.41),(1260,1,'2021-06-29 14:20:00',71.86,222.08),(1261,1,'2021-06-29 14:40:00',68.93,232.67),(1262,1,'2021-06-29 15:00:00',65.61,240.91),(1263,1,'2021-06-29 15:20:00',62.03,247.46),(1264,1,'2021-06-29 15:40:00',58.29,252.85),(1265,1,'2021-06-29 16:00:00',54.46,257.42),(1266,1,'2021-06-29 16:20:00',50.55,261.41),(1267,1,'2021-06-29 16:40:00',46.61,264.98),(1268,1,'2021-06-29 17:00:00',42.65,268.25),(1269,1,'2021-06-29 17:20:00',38.68,271.3),(1270,1,'2021-06-29 17:40:00',34.71,274.2),(1271,1,'2021-06-29 18:00:00',30.76,276.98),(1272,1,'2021-06-29 18:20:00',26.83,279.71),(1273,1,'2021-06-29 18:40:00',22.93,282.39),(1274,1,'2021-06-29 19:00:00',19.07,285.07),(1275,1,'2021-06-29 19:20:00',15.26,287.76),(1276,1,'2021-06-29 19:40:00',11.51,290.49),(1277,1,'2021-06-29 20:00:00',7.83,293.27),(1278,1,'2021-06-29 20:20:00',4.22,296.13),(1279,1,'2021-06-29 20:40:00',0.7,299.09),(1280,1,'2021-06-29 21:00:00',-2.72,302.17),(1281,1,'2021-06-29 21:20:00',-6.02,305.37),(1282,1,'2021-06-29 21:40:00',-9.19,308.73),(1283,1,'2021-06-30 07:20:00',12.38,70.19),(1284,1,'2021-06-30 07:40:00',16.15,72.91),(1285,1,'2021-06-30 08:00:00',19.97,75.6),(1286,1,'2021-06-30 08:20:00',23.84,78.28),(1287,1,'2021-06-30 08:40:00',27.74,80.97),(1288,1,'2021-06-30 09:00:00',31.68,83.71),(1289,1,'2021-06-30 09:20:00',35.63,86.52),(1290,1,'2021-06-30 09:40:00',39.6,89.46),(1291,1,'2021-06-30 10:00:00',43.57,92.56),(1292,1,'2021-06-30 10:20:00',47.53,95.9),(1293,1,'2021-06-30 10:40:00',51.46,99.56),(1294,1,'2021-06-30 11:00:00',55.35,103.68),(1295,1,'2021-06-30 11:20:00',59.17,108.43),(1296,1,'2021-06-30 11:40:00',62.87,114.07),(1297,1,'2021-06-30 12:00:00',66.39,120.98),(1298,1,'2021-06-30 12:20:00',69.63,129.71),(1299,1,'2021-06-30 12:40:00',72.43,140.98),(1300,1,'2021-06-30 13:00:00',74.53,155.42),(1301,1,'2021-06-30 13:20:00',75.63,172.84),(1302,1,'2021-06-30 13:40:00',75.48,191.33),(1303,1,'2021-06-30 14:00:00',74.13,208.16),(1304,1,'2021-06-30 14:20:00',71.84,221.85),(1305,1,'2021-06-30 14:40:00',68.92,232.47),(1306,1,'2021-06-30 15:00:00',65.6,240.72),(1307,1,'2021-06-30 15:20:00',62.03,247.3),(1308,1,'2021-06-30 15:40:00',58.3,252.71),(1309,1,'2021-06-30 16:00:00',54.46,257.29),(1310,1,'2021-06-30 16:20:00',50.56,261.29),(1311,1,'2021-06-30 16:40:00',46.62,264.87),(1312,1,'2021-06-30 17:00:00',42.65,268.15),(1313,1,'2021-06-30 17:20:00',38.68,271.2),(1314,1,'2021-06-30 17:40:00',34.72,274.1),(1315,1,'2021-06-30 18:00:00',30.76,276.9),(1316,1,'2021-06-30 18:20:00',26.83,279.62),(1317,1,'2021-06-30 18:40:00',22.94,282.31),(1318,1,'2021-06-30 19:00:00',19.08,284.98),(1319,1,'2021-06-30 19:20:00',15.27,287.68),(1320,1,'2021-06-30 19:40:00',11.51,290.41),(1321,1,'2021-06-30 20:00:00',7.82,293.19),(1322,1,'2021-06-30 20:20:00',4.21,296.06),(1323,1,'2021-06-30 20:40:00',0.69,299.02),(1324,1,'2021-06-30 21:00:00',-2.73,302.09),(1325,1,'2021-06-30 21:20:00',-6.03,305.3),(1326,1,'2021-06-30 21:40:00',-9.2,308.65),(1327,1,'2021-07-01 07:20:00',12.31,70.22),(1328,1,'2021-07-01 07:40:00',16.07,72.94),(1329,1,'2021-07-01 08:00:00',19.9,75.63),(1330,1,'2021-07-01 08:20:00',23.76,78.31),(1331,1,'2021-07-01 08:40:00',27.67,81.01),(1332,1,'2021-07-01 09:00:00',31.6,83.75),(1333,1,'2021-07-01 09:20:00',35.56,86.57),(1334,1,'2021-07-01 09:40:00',39.53,89.5),(1335,1,'2021-07-01 10:00:00',43.5,92.61),(1336,1,'2021-07-01 10:20:00',47.46,95.95),(1337,1,'2021-07-01 10:40:00',51.39,99.62),(1338,1,'2021-07-01 11:00:00',55.28,103.74),(1339,1,'2021-07-01 11:20:00',59.09,108.48),(1340,1,'2021-07-01 11:40:00',62.79,114.12),(1341,1,'2021-07-01 12:00:00',66.31,121.03),(1342,1,'2021-07-01 12:20:00',69.55,129.74),(1343,1,'2021-07-01 12:40:00',72.35,140.98),(1344,1,'2021-07-01 13:00:00',74.45,155.36),(1345,1,'2021-07-01 13:20:00',75.56,172.69),(1346,1,'2021-07-01 13:40:00',75.42,191.11),(1347,1,'2021-07-01 14:00:00',74.08,207.92),(1348,1,'2021-07-01 14:20:00',71.81,221.61),(1349,1,'2021-07-01 14:40:00',68.9,232.25),(1350,1,'2021-07-01 15:00:00',65.59,240.53),(1351,1,'2021-07-01 15:20:00',62.02,247.13),(1352,1,'2021-07-01 15:40:00',58.3,252.55),(1353,1,'2021-07-01 16:00:00',54.46,257.15),(1354,1,'2021-07-01 16:20:00',50.56,261.16),(1355,1,'2021-07-01 16:40:00',46.62,264.75),(1356,1,'2021-07-01 17:00:00',42.66,268.03),(1357,1,'2021-07-01 17:20:00',38.69,271.1),(1358,1,'2021-07-01 17:40:00',34.72,274),(1359,1,'2021-07-01 18:00:00',30.77,276.8),(1360,1,'2021-07-01 18:20:00',26.84,279.53),(1361,1,'2021-07-01 18:40:00',22.94,282.22),(1362,1,'2021-07-01 19:00:00',19.08,284.9),(1363,1,'2021-07-01 19:20:00',15.26,287.59),(1364,1,'2021-07-01 19:40:00',11.51,290.32),(1365,2,'2021-05-31 20:00:00',6.06,293.18),(1366,2,'2021-05-31 20:20:00',2.45,296.1),(1367,2,'2021-05-31 20:40:00',-1.07,299.12),(1368,2,'2021-05-31 21:00:00',-4.48,302.26),(1369,2,'2021-05-31 21:20:00',-7.78,305.53),(1370,2,'2021-05-31 21:40:00',0,0),(1371,2,'2021-06-01 07:20:00',12.86,71.88),(1372,2,'2021-06-01 07:40:00',16.67,74.62),(1373,2,'2021-06-01 08:00:00',20.52,77.33),(1374,2,'2021-06-01 08:20:00',24.41,80.04),(1375,2,'2021-06-01 08:40:00',28.34,82.79),(1376,2,'2021-06-01 09:00:00',32.29,85.59),(1377,2,'2021-06-01 09:20:00',36.26,88.49),(1378,2,'2021-06-01 09:40:00',40.23,91.52),(1379,2,'2021-06-01 10:00:00',44.2,94.76),(1380,2,'2021-06-01 10:20:00',48.14,98.26),(1381,2,'2021-06-01 10:40:00',52.05,102.14),(1382,2,'2021-06-01 11:00:00',55.9,106.53),(1383,2,'2021-06-01 11:20:00',59.65,111.62),(1384,2,'2021-06-01 11:40:00',63.26,117.71),(1385,2,'2021-06-01 12:00:00',66.66,125.18),(1386,2,'2021-06-01 12:20:00',69.71,134.58),(1387,2,'2021-06-01 12:40:00',72.24,146.52),(1388,2,'2021-06-01 13:00:00',74,161.34),(1389,2,'2021-06-01 13:20:00',74.71,178.37),(1390,2,'2021-06-01 13:40:00',74.22,195.62),(1391,2,'2021-06-01 14:00:00',72.64,210.95),(1392,2,'2021-06-01 14:20:00',70.24,223.43),(1393,2,'2021-06-01 14:40:00',67.26,233.26),(1394,2,'2021-06-01 15:00:00',63.93,241.05),(1395,2,'2021-06-01 15:20:00',60.35,247.37),(1396,2,'2021-06-01 15:40:00',56.62,252.62),(1397,2,'2021-06-01 16:00:00',52.79,257.13),(1398,2,'2021-06-01 16:20:00',48.89,261.09),(1399,2,'2021-06-01 16:40:00',44.95,264.66),(1400,2,'2021-06-01 17:00:00',40.99,267.94),(1401,2,'2021-06-01 17:20:00',37.02,271.01),(1402,2,'2021-06-01 17:40:00',33.05,273.93),(1403,2,'2021-06-01 18:00:00',29.1,276.75),(1404,2,'2021-06-01 18:20:00',25.17,279.5),(1405,2,'2021-06-01 18:40:00',21.27,282.22),(1406,2,'2021-06-01 19:00:00',17.42,284.93),(1407,2,'2021-06-01 19:20:00',13.61,287.66),(1408,2,'2021-06-01 19:40:00',9.85,290.43),(1409,2,'2021-06-01 20:00:00',6.17,293.27),(1410,2,'2021-06-01 20:20:00',2.56,296.18),(1411,2,'2021-06-01 20:40:00',-0.95,299.19),(1412,2,'2021-06-01 21:00:00',-4.36,302.33),(1413,2,'2021-06-01 21:20:00',-7.66,305.6),(1414,2,'2021-06-01 21:40:00',0,0),(1415,2,'2021-06-02 07:20:00',12.91,71.75),(1416,2,'2021-06-02 07:40:00',16.71,74.48),(1417,2,'2021-06-02 08:00:00',20.56,77.19),(1418,2,'2021-06-02 08:20:00',24.45,79.9),(1419,2,'2021-06-02 08:40:00',28.38,82.64),(1420,2,'2021-06-02 09:00:00',32.33,85.43),(1421,2,'2021-06-02 09:20:00',36.29,88.32),(1422,2,'2021-06-02 09:40:00',40.27,91.35),(1423,2,'2021-06-02 10:00:00',44.23,94.57),(1424,2,'2021-06-02 10:20:00',48.18,98.07),(1425,2,'2021-06-02 10:40:00',52.09,101.93),(1426,2,'2021-06-02 11:00:00',55.94,106.3),(1427,2,'2021-06-02 11:20:00',59.7,111.37),(1428,2,'2021-06-02 11:40:00',63.32,117.43),(1429,2,'2021-06-02 12:00:00',66.72,124.88),(1430,2,'2021-06-02 12:20:00',69.79,134.27),(1431,2,'2021-06-02 12:40:00',72.34,146.21),(1432,2,'2021-06-02 13:00:00',74.11,161.08),(1433,2,'2021-06-02 13:20:00',74.83,178.21),(1434,2,'2021-06-02 13:40:00',74.35,195.6),(1435,2,'2021-06-02 14:00:00',72.78,211.03),(1436,2,'2021-06-02 14:20:00',70.36,223.57),(1437,2,'2021-06-02 14:40:00',67.38,233.42),(1438,2,'2021-06-02 15:00:00',64.04,241.22),(1439,2,'2021-06-02 15:20:00',60.46,247.53),(1440,2,'2021-06-02 15:40:00',56.72,252.78),(1441,2,'2021-06-02 16:00:00',52.89,257.27),(1442,2,'2021-06-02 16:20:00',48.99,261.23),(1443,2,'2021-06-02 16:40:00',45.05,264.79),(1444,2,'2021-06-02 17:00:00',41.09,268.06),(1445,2,'2021-06-02 17:20:00',37.12,271.12),(1446,2,'2021-06-02 17:40:00',33.15,274.04),(1447,2,'2021-06-02 18:00:00',29.2,276.85),(1448,2,'2021-06-02 18:20:00',25.27,279.6),(1449,2,'2021-06-02 18:40:00',21.37,282.31),(1450,2,'2021-06-02 19:00:00',17.52,285.02),(1451,2,'2021-06-02 19:20:00',13.71,287.75),(1452,2,'2021-06-02 19:40:00',9.96,290.52),(1453,2,'2021-06-02 20:00:00',6.28,293.34),(1454,2,'2021-06-02 20:20:00',2.67,296.25),(1455,2,'2021-06-02 20:40:00',-0.84,299.26),(1456,2,'2021-06-02 21:00:00',-4.25,302.39),(1457,2,'2021-06-02 21:20:00',-7.54,305.66),(1458,2,'2021-06-02 21:40:00',0,0),(1459,2,'2021-06-03 07:20:00',12.95,71.62),(1460,2,'2021-06-03 07:40:00',16.75,74.35),(1461,2,'2021-06-03 08:00:00',20.6,77.06),(1462,2,'2021-06-03 08:20:00',24.49,79.76),(1463,2,'2021-06-03 08:40:00',28.41,82.5),(1464,2,'2021-06-03 09:00:00',32.36,85.29),(1465,2,'2021-06-03 09:20:00',36.33,88.17),(1466,2,'2021-06-03 09:40:00',40.3,91.19),(1467,2,'2021-06-03 10:00:00',44.26,94.4),(1468,2,'2021-06-03 10:20:00',48.21,97.88),(1469,2,'2021-06-03 10:40:00',52.13,101.73),(1470,2,'2021-06-03 11:00:00',55.98,106.08),(1471,2,'2021-06-03 11:20:00',59.75,111.13),(1472,2,'2021-06-03 11:40:00',63.37,117.17),(1473,2,'2021-06-03 12:00:00',66.78,124.59),(1474,2,'2021-06-03 12:20:00',69.86,133.96),(1475,2,'2021-06-03 12:40:00',72.43,145.91),(1476,2,'2021-06-03 13:00:00',74.22,160.82),(1477,2,'2021-06-03 13:20:00',74.96,178.05),(1478,2,'2021-06-03 13:40:00',74.48,195.57),(1479,2,'2021-06-03 14:00:00',72.9,211.1),(1480,2,'2021-06-03 14:20:00',70.48,223.69),(1481,2,'2021-06-03 14:40:00',67.5,233.57),(1482,2,'2021-06-03 15:00:00',64.15,241.37),(1483,2,'2021-06-03 15:20:00',60.56,247.68),(1484,2,'2021-06-03 15:40:00',56.83,252.92),(1485,2,'2021-06-03 16:00:00',52.99,257.41),(1486,2,'2021-06-03 16:20:00',49.09,261.35),(1487,2,'2021-06-03 16:40:00',45.15,264.91),(1488,2,'2021-06-03 17:00:00',41.18,268.17),(1489,2,'2021-06-03 17:20:00',37.21,271.23),(1490,2,'2021-06-03 17:40:00',33.25,274.14),(1491,2,'2021-06-03 18:00:00',29.3,276.95),(1492,2,'2021-06-03 18:20:00',25.37,279.69),(1493,2,'2021-06-03 18:40:00',21.47,282.4),(1494,2,'2021-06-03 19:00:00',17.62,285.1),(1495,2,'2021-06-03 19:20:00',13.81,287.83),(1496,2,'2021-06-03 19:40:00',10.06,290.59),(1497,2,'2021-06-03 20:00:00',6.38,293.42),(1498,2,'2021-06-03 20:20:00',2.78,296.32),(1499,2,'2021-06-03 20:40:00',-0.73,299.33),(1500,2,'2021-06-03 21:00:00',-4.14,302.45),(1501,2,'2021-06-03 21:20:00',-7.43,305.72),(1502,2,'2021-06-03 21:40:00',-10.58,309.14),(1503,2,'2021-06-04 07:20:00',12.99,71.5),(1504,2,'2021-06-04 07:40:00',16.78,74.23),(1505,2,'2021-06-04 08:00:00',20.63,76.93),(1506,2,'2021-06-04 08:20:00',24.52,79.63),(1507,2,'2021-06-04 08:40:00',28.44,82.36),(1508,2,'2021-06-04 09:00:00',32.39,85.14),(1509,2,'2021-06-04 09:20:00',36.35,88.02),(1510,2,'2021-06-04 09:40:00',40.32,91.03),(1511,2,'2021-06-04 10:00:00',44.29,94.23),(1512,2,'2021-06-04 10:20:00',48.24,97.7),(1513,2,'2021-06-04 10:40:00',52.16,101.53),(1514,2,'2021-06-04 11:00:00',56.01,105.87),(1515,2,'2021-06-04 11:20:00',59.78,110.9),(1516,2,'2021-06-04 11:40:00',63.42,116.91),(1517,2,'2021-06-04 12:00:00',66.84,124.31),(1518,2,'2021-06-04 12:20:00',69.93,133.66),(1519,2,'2021-06-04 12:40:00',72.51,145.6),(1520,2,'2021-06-04 13:00:00',74.32,160.55),(1521,2,'2021-06-04 13:20:00',75.07,177.89),(1522,2,'2021-06-04 13:40:00',74.6,195.52),(1523,2,'2021-06-04 14:00:00',73.02,211.15),(1524,2,'2021-06-04 14:20:00',70.6,223.8),(1525,2,'2021-06-04 14:40:00',67.61,233.71),(1526,2,'2021-06-04 15:00:00',64.25,241.51),(1527,2,'2021-06-04 15:20:00',60.67,247.81),(1528,2,'2021-06-04 15:40:00',56.92,253.05),(1529,2,'2021-06-04 16:00:00',53.08,257.53),(1530,2,'2021-06-04 16:20:00',49.18,261.47),(1531,2,'2021-06-04 16:40:00',45.24,265.02),(1532,2,'2021-06-04 17:00:00',41.28,268.28),(1533,2,'2021-06-04 17:20:00',37.31,271.33),(1534,2,'2021-06-04 17:40:00',33.34,274.23),(1535,2,'2021-06-04 18:00:00',29.39,277.03),(1536,2,'2021-06-04 18:20:00',25.46,279.77),(1537,2,'2021-06-04 18:40:00',21.57,282.48),(1538,2,'2021-06-04 19:00:00',17.71,285.18),(1539,2,'2021-06-04 19:20:00',13.91,287.9),(1540,2,'2021-06-04 19:40:00',10.16,290.66),(1541,2,'2021-06-04 20:00:00',6.48,293.48),(1542,2,'2021-06-04 20:20:00',2.88,296.38),(1543,2,'2021-06-04 20:40:00',-0.63,299.39),(1544,2,'2021-06-04 21:00:00',-4.03,302.51),(1545,2,'2021-06-04 21:20:00',-7.32,305.77),(1546,2,'2021-06-04 21:40:00',-10.47,309.19),(1547,2,'2021-06-05 07:20:00',13.02,71.38),(1548,2,'2021-06-05 07:40:00',16.81,74.11),(1549,2,'2021-06-05 08:00:00',20.66,76.81),(1550,2,'2021-06-05 08:20:00',24.54,79.51),(1551,2,'2021-06-05 08:40:00',28.46,82.23),(1552,2,'2021-06-05 09:00:00',32.41,85.01),(1553,2,'2021-06-05 09:20:00',36.37,87.87),(1554,2,'2021-06-05 09:40:00',40.34,90.88),(1555,2,'2021-06-05 10:00:00',44.31,94.07),(1556,2,'2021-06-05 10:20:00',48.26,97.53),(1557,2,'2021-06-05 10:40:00',52.18,101.34),(1558,2,'2021-06-05 11:00:00',56.04,105.66),(1559,2,'2021-06-05 11:20:00',59.82,110.68),(1560,2,'2021-06-05 11:40:00',63.46,116.67),(1561,2,'2021-06-05 12:00:00',66.89,124.04),(1562,2,'2021-06-05 12:20:00',69.99,133.37),(1563,2,'2021-06-05 12:40:00',72.59,145.31),(1564,2,'2021-06-05 13:00:00',74.41,160.29),(1565,2,'2021-06-05 13:20:00',75.18,177.72),(1566,2,'2021-06-05 13:40:00',74.72,195.47),(1567,2,'2021-06-05 14:00:00',73.14,211.2),(1568,2,'2021-06-05 14:20:00',70.71,223.9),(1569,2,'2021-06-05 14:40:00',67.72,233.83),(1570,2,'2021-06-05 15:00:00',64.36,241.64),(1571,2,'2021-06-05 15:20:00',60.76,247.94),(1572,2,'2021-06-05 15:40:00',57.02,253.17),(1573,2,'2021-06-05 16:00:00',53.18,257.65),(1574,2,'2021-06-05 16:20:00',49.27,261.58),(1575,2,'2021-06-05 16:40:00',45.33,265.12),(1576,2,'2021-06-05 17:00:00',41.37,268.37),(1577,2,'2021-06-05 17:20:00',37.4,271.42),(1578,2,'2021-06-05 17:40:00',33.43,274.32),(1579,2,'2021-06-05 18:00:00',29.48,277.12),(1580,2,'2021-06-05 18:20:00',25.56,279.85),(1581,2,'2021-06-05 18:40:00',21.66,282.55),(1582,2,'2021-06-05 19:00:00',17.81,285.25),(1583,2,'2021-06-05 19:20:00',14,287.97),(1584,2,'2021-06-05 19:40:00',10.26,290.72),(1585,2,'2021-06-05 20:00:00',6.58,293.54),(1586,2,'2021-06-05 20:20:00',2.98,296.44),(1587,2,'2021-06-05 20:40:00',-0.52,299.44),(1588,2,'2021-06-05 21:00:00',-3.93,302.56),(1589,2,'2021-06-05 21:20:00',-7.21,305.82),(1590,2,'2021-06-05 21:40:00',-10.36,309.23),(1591,2,'2021-06-06 07:20:00',13.05,71.27),(1592,2,'2021-06-06 07:40:00',16.84,73.99),(1593,2,'2021-06-06 08:00:00',20.68,76.69),(1594,2,'2021-06-06 08:20:00',24.56,79.38),(1595,2,'2021-06-06 08:40:00',28.48,82.1),(1596,2,'2021-06-06 09:00:00',32.43,84.87),(1597,2,'2021-06-06 09:20:00',36.39,87.74),(1598,2,'2021-06-06 09:40:00',40.36,90.73),(1599,2,'2021-06-06 10:00:00',44.33,93.92),(1600,2,'2021-06-06 10:20:00',48.28,97.36),(1601,2,'2021-06-06 10:40:00',52.2,101.17),(1602,2,'2021-06-06 11:00:00',56.07,105.47),(1603,2,'2021-06-06 11:20:00',59.84,110.46),(1604,2,'2021-06-06 11:40:00',63.49,116.43),(1605,2,'2021-06-06 12:00:00',66.93,123.78),(1606,2,'2021-06-06 12:20:00',70.04,133.08),(1607,2,'2021-06-06 12:40:00',72.66,145.02),(1608,2,'2021-06-06 13:00:00',74.5,160.03),(1609,2,'2021-06-06 13:20:00',75.28,177.54),(1610,2,'2021-06-06 13:40:00',74.83,195.4),(1611,2,'2021-06-06 14:00:00',73.25,211.23),(1612,2,'2021-06-06 14:20:00',70.82,223.98),(1613,2,'2021-06-06 14:40:00',67.82,233.94),(1614,2,'2021-06-06 15:00:00',64.46,241.76),(1615,2,'2021-06-06 15:20:00',60.86,248.06),(1616,2,'2021-06-06 15:40:00',57.11,253.28),(1617,2,'2021-06-06 16:00:00',53.27,257.75),(1618,2,'2021-06-06 16:20:00',49.36,261.68),(1619,2,'2021-06-06 16:40:00',45.42,265.21),(1620,2,'2021-06-06 17:00:00',41.45,268.46),(1621,2,'2021-06-06 17:20:00',37.49,271.5),(1622,2,'2021-06-06 17:40:00',33.52,274.4),(1623,2,'2021-06-06 18:00:00',29.57,277.19),(1624,2,'2021-06-06 18:20:00',25.65,279.92),(1625,2,'2021-06-06 18:40:00',21.75,282.62),(1626,2,'2021-06-06 19:00:00',17.9,285.31),(1627,2,'2021-06-06 19:20:00',14.1,288.03),(1628,2,'2021-06-06 19:40:00',10.35,290.78),(1629,2,'2021-06-06 20:00:00',6.68,293.6),(1630,2,'2021-06-06 20:20:00',3.08,296.49),(1631,2,'2021-06-06 20:40:00',-0.43,299.49),(1632,2,'2021-06-06 21:00:00',-3.83,302.6),(1633,2,'2021-06-06 21:20:00',-7.11,305.86),(1634,2,'2021-06-06 21:40:00',-10.26,309.27),(1635,2,'2021-06-07 07:20:00',13.07,71.17),(1636,2,'2021-06-07 07:40:00',16.86,73.88),(1637,2,'2021-06-07 08:00:00',20.7,76.58),(1638,2,'2021-06-07 08:20:00',24.58,79.27),(1639,2,'2021-06-07 08:40:00',28.5,81.98),(1640,2,'2021-06-07 09:00:00',32.44,84.75),(1641,2,'2021-06-07 09:20:00',36.4,87.61),(1642,2,'2021-06-07 09:40:00',40.37,90.59),(1643,2,'2021-06-07 10:00:00',44.34,93.77),(1644,2,'2021-06-07 10:20:00',48.3,97.2),(1645,2,'2021-06-07 10:40:00',52.22,100.99),(1646,2,'2021-06-07 11:00:00',56.08,105.28),(1647,2,'2021-06-07 11:20:00',59.87,110.26),(1648,2,'2021-06-07 11:40:00',63.52,116.2),(1649,2,'2021-06-07 12:00:00',66.96,123.53),(1650,2,'2021-06-07 12:20:00',70.09,132.8),(1651,2,'2021-06-07 12:40:00',72.72,144.73),(1652,2,'2021-06-07 13:00:00',74.58,159.77),(1653,2,'2021-06-07 13:20:00',75.37,177.35),(1654,2,'2021-06-07 13:40:00',74.93,195.33),(1655,2,'2021-06-07 14:00:00',73.36,211.24),(1656,2,'2021-06-07 14:20:00',70.92,224.05),(1657,2,'2021-06-07 14:40:00',67.92,234.03),(1658,2,'2021-06-07 15:00:00',64.55,241.86),(1659,2,'2021-06-07 15:20:00',60.95,248.16),(1660,2,'2021-06-07 15:40:00',57.2,253.38),(1661,2,'2021-06-07 16:00:00',53.36,257.85),(1662,2,'2021-06-07 16:20:00',49.45,261.77),(1663,2,'2021-06-07 16:40:00',45.5,265.3),(1664,2,'2021-06-07 17:00:00',41.54,268.54),(1665,2,'2021-06-07 17:20:00',37.57,271.58),(1666,2,'2021-06-07 17:40:00',33.61,274.47),(1667,2,'2021-06-07 18:00:00',29.66,277.26),(1668,2,'2021-06-07 18:20:00',25.73,279.98),(1669,2,'2021-06-07 18:40:00',21.84,282.68),(1670,2,'2021-06-07 19:00:00',17.99,285.37),(1671,2,'2021-06-07 19:20:00',14.19,288.08),(1672,2,'2021-06-07 19:40:00',10.44,290.83),(1673,2,'2021-06-07 20:00:00',6.77,293.64),(1674,2,'2021-06-07 20:20:00',3.17,296.54),(1675,2,'2021-06-07 20:40:00',-0.33,299.53),(1676,2,'2021-06-07 21:00:00',-3.73,302.64),(1677,2,'2021-06-07 21:20:00',-7.01,305.89),(1678,2,'2021-06-07 21:40:00',-10.16,309.3),(1679,2,'2021-06-08 07:20:00',13.08,71.06),(1680,2,'2021-06-08 07:40:00',16.87,73.78),(1681,2,'2021-06-08 08:00:00',20.71,76.47),(1682,2,'2021-06-08 08:20:00',24.59,79.16),(1683,2,'2021-06-08 08:40:00',28.51,81.87),(1684,2,'2021-06-08 09:00:00',32.45,84.63),(1685,2,'2021-06-08 09:20:00',36.41,87.48),(1686,2,'2021-06-08 09:40:00',40.38,90.46),(1687,2,'2021-06-08 10:00:00',44.35,93.63),(1688,2,'2021-06-08 10:20:00',48.3,97.05),(1689,2,'2021-06-08 10:40:00',52.23,100.83),(1690,2,'2021-06-08 11:00:00',56.1,105.1),(1691,2,'2021-06-08 11:20:00',59.88,110.06),(1692,2,'2021-06-08 11:40:00',63.54,115.98),(1693,2,'2021-06-08 12:00:00',67,123.28),(1694,2,'2021-06-08 12:20:00',70.13,132.54),(1695,2,'2021-06-08 12:40:00',72.77,144.45),(1696,2,'2021-06-08 13:00:00',74.65,159.51),(1697,2,'2021-06-08 13:20:00',75.46,177.16),(1698,2,'2021-06-08 13:40:00',75.03,195.24),(1699,2,'2021-06-08 14:00:00',73.45,211.24),(1700,2,'2021-06-08 14:20:00',71.02,224.11),(1701,2,'2021-06-08 14:40:00',68.01,234.11),(1702,2,'2021-06-08 15:00:00',64.64,241.95),(1703,2,'2021-06-08 15:20:00',61.04,248.25),(1704,2,'2021-06-08 15:40:00',57.29,253.47),(1705,2,'2021-06-08 16:00:00',53.44,257.93),(1706,2,'2021-06-08 16:20:00',49.53,261.85),(1707,2,'2021-06-08 16:40:00',45.59,265.37),(1708,2,'2021-06-08 17:00:00',41.62,268.61),(1709,2,'2021-06-08 17:20:00',37.65,271.65),(1710,2,'2021-06-08 17:40:00',33.69,274.53),(1711,2,'2021-06-08 18:00:00',29.74,277.32),(1712,2,'2021-06-08 18:20:00',25.82,280.04),(1713,2,'2021-06-08 18:40:00',21.93,282.73),(1714,2,'2021-06-08 19:00:00',18.07,285.42),(1715,2,'2021-06-08 19:20:00',14.27,288.13),(1716,2,'2021-06-08 19:40:00',10.53,290.88),(1717,2,'2021-06-08 20:00:00',6.86,293.69),(1718,2,'2021-06-08 20:20:00',3.26,296.58),(1719,2,'2021-06-08 20:40:00',-0.24,299.57),(1720,2,'2021-06-08 21:00:00',-3.64,302.68),(1721,2,'2021-06-08 21:20:00',-6.92,305.92),(1722,2,'2021-06-08 21:40:00',-10.06,309.32),(1723,2,'2021-06-09 07:20:00',13.1,70.97),(1724,2,'2021-06-09 07:40:00',16.88,73.68),(1725,2,'2021-06-09 08:00:00',20.72,76.37),(1726,2,'2021-06-09 08:20:00',24.6,79.05),(1727,2,'2021-06-09 08:40:00',28.51,81.76),(1728,2,'2021-06-09 09:00:00',32.46,84.52),(1729,2,'2021-06-09 09:20:00',36.42,87.36),(1730,2,'2021-06-09 09:40:00',40.39,90.34),(1731,2,'2021-06-09 10:00:00',44.36,93.49),(1732,2,'2021-06-09 10:20:00',48.31,96.91),(1733,2,'2021-06-09 10:40:00',52.23,100.68),(1734,2,'2021-06-09 11:00:00',56.11,104.93),(1735,2,'2021-06-09 11:20:00',59.9,109.87),(1736,2,'2021-06-09 11:40:00',63.56,115.77),(1737,2,'2021-06-09 12:00:00',67.02,123.05),(1738,2,'2021-06-09 12:20:00',70.17,132.28),(1739,2,'2021-06-09 12:40:00',72.82,144.18),(1740,2,'2021-06-09 13:00:00',74.72,159.25),(1741,2,'2021-06-09 13:20:00',75.54,176.97),(1742,2,'2021-06-09 13:40:00',75.12,195.14),(1743,2,'2021-06-09 14:00:00',73.55,211.23),(1744,2,'2021-06-09 14:20:00',71.11,224.15),(1745,2,'2021-06-09 14:40:00',68.1,234.18),(1746,2,'2021-06-09 15:00:00',64.73,242.03),(1747,2,'2021-06-09 15:20:00',61.13,248.33),(1748,2,'2021-06-09 15:40:00',57.37,253.55),(1749,2,'2021-06-09 16:00:00',53.52,258.01),(1750,2,'2021-06-09 16:20:00',49.61,261.92),(1751,2,'2021-06-09 16:40:00',45.67,265.44),(1752,2,'2021-06-09 17:00:00',41.7,268.68),(1753,2,'2021-06-09 17:20:00',37.73,271.71),(1754,2,'2021-06-09 17:40:00',33.77,274.59),(1755,2,'2021-06-09 18:00:00',29.82,277.37),(1756,2,'2021-06-09 18:20:00',25.9,280.09),(1757,2,'2021-06-09 18:40:00',22.01,282.78),(1758,2,'2021-06-09 19:00:00',18.16,285.47),(1759,2,'2021-06-09 19:20:00',14.36,288.17),(1760,2,'2021-06-09 19:40:00',10.62,290.92),(1761,2,'2021-06-09 20:00:00',6.94,293.72),(1762,2,'2021-06-09 20:20:00',3.35,296.61),(1763,2,'2021-06-09 20:40:00',-0.15,299.6),(1764,2,'2021-06-09 21:00:00',-3.55,302.7),(1765,2,'2021-06-09 21:20:00',-6.83,305.95),(1766,2,'2021-06-09 21:40:00',-9.97,309.34),(1767,2,'2021-06-10 07:20:00',13.1,70.87),(1768,2,'2021-06-10 07:40:00',16.89,73.59),(1769,2,'2021-06-10 08:00:00',20.72,76.27),(1770,2,'2021-06-10 08:20:00',24.6,78.95),(1771,2,'2021-06-10 08:40:00',28.51,81.66),(1772,2,'2021-06-10 09:00:00',32.46,84.41),(1773,2,'2021-06-10 09:20:00',36.42,87.25),(1774,2,'2021-06-10 09:40:00',40.39,90.22),(1775,2,'2021-06-10 10:00:00',44.35,93.37),(1776,2,'2021-06-10 10:20:00',48.31,96.77),(1777,2,'2021-06-10 10:40:00',52.24,100.53),(1778,2,'2021-06-10 11:00:00',56.11,104.77),(1779,2,'2021-06-10 11:20:00',59.9,109.69),(1780,2,'2021-06-10 11:40:00',63.57,115.57),(1781,2,'2021-06-10 12:00:00',67.04,122.83),(1782,2,'2021-06-10 12:20:00',70.2,132.03),(1783,2,'2021-06-10 12:40:00',72.87,143.91),(1784,2,'2021-06-10 13:00:00',74.78,159),(1785,2,'2021-06-10 13:20:00',75.62,176.77),(1786,2,'2021-06-10 13:40:00',75.21,195.03),(1787,2,'2021-06-10 14:00:00',73.64,211.21),(1788,2,'2021-06-10 14:20:00',71.2,224.18),(1789,2,'2021-06-10 14:40:00',68.19,234.24),(1790,2,'2021-06-10 15:00:00',64.81,242.1),(1791,2,'2021-06-10 15:20:00',61.21,248.4),(1792,2,'2021-06-10 15:40:00',57.45,253.62),(1793,2,'2021-06-10 16:00:00',53.6,258.08),(1794,2,'2021-06-10 16:20:00',49.69,261.99),(1795,2,'2021-06-10 16:40:00',45.75,265.5),(1796,2,'2021-06-10 17:00:00',41.78,268.73),(1797,2,'2021-06-10 17:20:00',37.81,271.76),(1798,2,'2021-06-10 17:40:00',33.85,274.64),(1799,2,'2021-06-10 18:00:00',29.9,277.42),(1800,2,'2021-06-10 18:20:00',25.98,280.14),(1801,2,'2021-06-10 18:40:00',22.09,282.82),(1802,2,'2021-06-10 19:00:00',18.24,285.51),(1803,2,'2021-06-10 19:20:00',14.44,288.21),(1804,2,'2021-06-10 19:40:00',10.7,290.95),(1805,2,'2021-06-10 20:00:00',7.03,293.75),(1806,2,'2021-06-10 20:20:00',3.43,296.64),(1807,2,'2021-06-10 20:40:00',-0.07,299.62),(1808,2,'2021-06-10 21:00:00',-3.46,302.72),(1809,2,'2021-06-10 21:20:00',-6.74,305.96),(1810,2,'2021-06-10 21:40:00',-9.89,309.36),(1811,2,'2021-06-11 07:20:00',13.11,70.79),(1812,2,'2021-06-11 07:40:00',16.89,73.5),(1813,2,'2021-06-11 08:00:00',20.72,76.18),(1814,2,'2021-06-11 08:20:00',24.6,78.86),(1815,2,'2021-06-11 08:40:00',28.51,81.56),(1816,2,'2021-06-11 09:00:00',32.45,84.31),(1817,2,'2021-06-11 09:20:00',36.41,87.15),(1818,2,'2021-06-11 09:40:00',40.38,90.11),(1819,2,'2021-06-11 10:00:00',44.35,93.25),(1820,2,'2021-06-11 10:20:00',48.31,96.65),(1821,2,'2021-06-11 10:40:00',52.23,100.39),(1822,2,'2021-06-11 11:00:00',56.11,104.62),(1823,2,'2021-06-11 11:20:00',59.91,109.53),(1824,2,'2021-06-11 11:40:00',63.58,115.39),(1825,2,'2021-06-11 12:00:00',67.05,122.61),(1826,2,'2021-06-11 12:20:00',70.22,131.79),(1827,2,'2021-06-11 12:40:00',72.9,143.65),(1828,2,'2021-06-11 13:00:00',74.83,158.74),(1829,2,'2021-06-11 13:20:00',75.68,176.57),(1830,2,'2021-06-11 13:40:00',75.28,194.92),(1831,2,'2021-06-11 14:00:00',73.72,211.17),(1832,2,'2021-06-11 14:20:00',71.28,224.19),(1833,2,'2021-06-11 14:40:00',68.27,234.28),(1834,2,'2021-06-11 15:00:00',64.89,242.15),(1835,2,'2021-06-11 15:20:00',61.29,248.46),(1836,2,'2021-06-11 15:40:00',57.53,253.68),(1837,2,'2021-06-11 16:00:00',53.68,258.13),(1838,2,'2021-06-11 16:20:00',49.77,262.04),(1839,2,'2021-06-11 16:40:00',45.82,265.55),(1840,2,'2021-06-11 17:00:00',41.86,268.78),(1841,2,'2021-06-11 17:20:00',37.89,271.8),(1842,2,'2021-06-11 17:40:00',33.92,274.68),(1843,2,'2021-06-11 18:00:00',29.98,277.46),(1844,2,'2021-06-11 18:20:00',26.05,280.17),(1845,2,'2021-06-11 18:40:00',22.16,282.86),(1846,2,'2021-06-11 19:00:00',18.31,285.54),(1847,2,'2021-06-11 19:20:00',14.51,288.24),(1848,2,'2021-06-11 19:40:00',10.77,290.98),(1849,2,'2021-06-11 20:00:00',7.1,293.78),(1850,2,'2021-06-11 20:20:00',3.51,296.66),(1851,2,'2021-06-11 20:40:00',0.01,299.64),(1852,2,'2021-06-11 21:00:00',-3.38,302.74),(1853,2,'2021-06-11 21:20:00',-6.66,305.98),(1854,2,'2021-06-11 21:40:00',-9.8,309.37),(1855,2,'2021-06-12 07:20:00',13.11,70.7),(1856,2,'2021-06-12 07:40:00',16.88,73.41),(1857,2,'2021-06-12 08:00:00',20.72,76.1),(1858,2,'2021-06-12 08:20:00',24.59,78.77),(1859,2,'2021-06-12 08:40:00',28.5,81.47),(1860,2,'2021-06-12 09:00:00',32.44,84.22),(1861,2,'2021-06-12 09:20:00',36.4,87.05),(1862,2,'2021-06-12 09:40:00',40.37,90),(1863,2,'2021-06-12 10:00:00',44.34,93.14),(1864,2,'2021-06-12 10:20:00',48.3,96.53),(1865,2,'2021-06-12 10:40:00',52.23,100.26),(1866,2,'2021-06-12 11:00:00',56.11,104.48),(1867,2,'2021-06-12 11:20:00',59.91,109.37),(1868,2,'2021-06-12 11:40:00',63.58,115.21),(1869,2,'2021-06-12 12:00:00',67.06,122.41),(1870,2,'2021-06-12 12:20:00',70.24,131.57),(1871,2,'2021-06-12 12:40:00',72.93,143.41),(1872,2,'2021-06-12 13:00:00',74.87,158.5),(1873,2,'2021-06-12 13:20:00',75.74,176.36),(1874,2,'2021-06-12 13:40:00',75.36,194.79),(1875,2,'2021-06-12 14:00:00',73.8,211.11),(1876,2,'2021-06-12 14:20:00',71.36,224.19),(1877,2,'2021-06-12 14:40:00',68.35,234.3),(1878,2,'2021-06-12 15:00:00',64.97,242.19),(1879,2,'2021-06-12 15:20:00',61.36,248.5),(1880,2,'2021-06-12 15:40:00',57.6,253.73),(1881,2,'2021-06-12 16:00:00',53.75,258.18),(1882,2,'2021-06-12 16:20:00',49.84,262.08),(1883,2,'2021-06-12 16:40:00',45.89,265.59),(1884,2,'2021-06-12 17:00:00',41.93,268.82),(1885,2,'2021-06-12 17:20:00',37.96,271.84),(1886,2,'2021-06-12 17:40:00',34,274.71),(1887,2,'2021-06-12 18:00:00',30.05,277.49),(1888,2,'2021-06-12 18:20:00',26.13,280.2),(1889,2,'2021-06-12 18:40:00',22.24,282.88),(1890,2,'2021-06-12 19:00:00',18.39,285.56),(1891,2,'2021-06-12 19:20:00',14.59,288.26),(1892,2,'2021-06-12 19:40:00',10.85,291),(1893,2,'2021-06-12 20:00:00',7.18,293.8),(1894,2,'2021-06-12 20:20:00',3.59,296.68),(1895,2,'2021-06-12 20:40:00',0.09,299.66),(1896,2,'2021-06-12 21:00:00',-3.31,302.75),(1897,2,'2021-06-12 21:20:00',-6.59,305.99),(1898,2,'2021-06-12 21:40:00',-9.73,309.37),(1899,2,'2021-06-13 07:20:00',13.1,70.63),(1900,2,'2021-06-13 07:40:00',16.88,73.34),(1901,2,'2021-06-13 08:00:00',20.71,76.02),(1902,2,'2021-06-13 08:20:00',24.58,78.69),(1903,2,'2021-06-13 08:40:00',28.49,81.39),(1904,2,'2021-06-13 09:00:00',32.43,84.13),(1905,2,'2021-06-13 09:20:00',36.39,86.96),(1906,2,'2021-06-13 09:40:00',40.36,89.91),(1907,2,'2021-06-13 10:00:00',44.33,93.04),(1908,2,'2021-06-13 10:20:00',48.29,96.42),(1909,2,'2021-06-13 10:40:00',52.22,100.14),(1910,2,'2021-06-13 11:00:00',56.1,104.35),(1911,2,'2021-06-13 11:20:00',59.9,109.22),(1912,2,'2021-06-13 11:40:00',63.58,115.04),(1913,2,'2021-06-13 12:00:00',67.07,122.22),(1914,2,'2021-06-13 12:20:00',70.25,131.35),(1915,2,'2021-06-13 12:40:00',72.96,143.17),(1916,2,'2021-06-13 13:00:00',74.91,158.25),(1917,2,'2021-06-13 13:20:00',75.8,176.15),(1918,2,'2021-06-13 13:40:00',75.42,194.65),(1919,2,'2021-06-13 14:00:00',73.87,211.05),(1920,2,'2021-06-13 14:20:00',71.44,224.17),(1921,2,'2021-06-13 14:40:00',68.42,234.32),(1922,2,'2021-06-13 15:00:00',65.04,242.22),(1923,2,'2021-06-13 15:20:00',61.43,248.54),(1924,2,'2021-06-13 15:40:00',57.67,253.76),(1925,2,'2021-06-13 16:00:00',53.82,258.21),(1926,2,'2021-06-13 16:20:00',49.91,262.12),(1927,2,'2021-06-13 16:40:00',45.96,265.63),(1928,2,'2021-06-13 17:00:00',42,268.85),(1929,2,'2021-06-13 17:20:00',38.03,271.87),(1930,2,'2021-06-13 17:40:00',34.06,274.74),(1931,2,'2021-06-13 18:00:00',30.12,277.51),(1932,2,'2021-06-13 18:20:00',26.19,280.23),(1933,2,'2021-06-13 18:40:00',22.31,282.91),(1934,2,'2021-06-13 19:00:00',18.46,285.58),(1935,2,'2021-06-13 19:20:00',14.66,288.28),(1936,2,'2021-06-13 19:40:00',10.92,291.01),(1937,2,'2021-06-13 20:00:00',7.25,293.81),(1938,2,'2021-06-13 20:20:00',3.66,296.69),(1939,2,'2021-06-13 20:40:00',0.16,299.66),(1940,2,'2021-06-13 21:00:00',-3.24,302.76),(1941,2,'2021-06-13 21:20:00',-6.51,305.99),(1942,2,'2021-06-13 21:40:00',-9.66,309.37),(1943,2,'2021-06-14 07:20:00',13.09,70.56),(1944,2,'2021-06-14 07:40:00',16.87,73.26),(1945,2,'2021-06-14 08:00:00',20.69,75.94),(1946,2,'2021-06-14 08:20:00',24.57,78.62),(1947,2,'2021-06-14 08:40:00',28.48,81.31),(1948,2,'2021-06-14 09:00:00',32.42,84.05),(1949,2,'2021-06-14 09:20:00',36.37,86.87),(1950,2,'2021-06-14 09:40:00',40.34,89.82),(1951,2,'2021-06-14 10:00:00',44.31,92.94),(1952,2,'2021-06-14 10:20:00',48.27,96.32),(1953,2,'2021-06-14 10:40:00',52.2,100.03),(1954,2,'2021-06-14 11:00:00',56.08,104.23),(1955,2,'2021-06-14 11:20:00',59.89,109.08),(1956,2,'2021-06-14 11:40:00',63.57,114.89),(1957,2,'2021-06-14 12:00:00',67.06,122.04),(1958,2,'2021-06-14 12:20:00',70.26,131.15),(1959,2,'2021-06-14 12:40:00',72.97,142.94),(1960,2,'2021-06-14 13:00:00',74.94,158.02),(1961,2,'2021-06-14 13:20:00',75.84,175.94),(1962,2,'2021-06-14 13:40:00',75.48,194.5),(1963,2,'2021-06-14 14:00:00',73.93,210.97),(1964,2,'2021-06-14 14:20:00',71.5,224.14),(1965,2,'2021-06-14 14:40:00',68.49,234.31),(1966,2,'2021-06-14 15:00:00',65.11,242.23),(1967,2,'2021-06-14 15:20:00',61.5,248.56),(1968,2,'2021-06-14 15:40:00',57.74,253.79),(1969,2,'2021-06-14 16:00:00',53.89,258.24),(1970,2,'2021-06-14 16:20:00',49.98,262.14),(1971,2,'2021-06-14 16:40:00',46.03,265.65),(1972,2,'2021-06-14 17:00:00',42.06,268.87),(1973,2,'2021-06-14 17:20:00',38.09,271.89),(1974,2,'2021-06-14 17:40:00',34.13,274.76),(1975,2,'2021-06-14 18:00:00',30.18,277.53),(1976,2,'2021-06-14 18:20:00',26.26,280.24),(1977,2,'2021-06-14 18:40:00',22.37,282.92),(1978,2,'2021-06-14 19:00:00',18.52,285.6),(1979,2,'2021-06-14 19:20:00',14.73,288.29),(1980,2,'2021-06-14 19:40:00',10.99,291.02),(1981,2,'2021-06-14 20:00:00',7.32,293.82),(1982,2,'2021-06-14 20:20:00',3.73,296.69),(1983,2,'2021-06-14 20:40:00',0.23,299.67),(1984,2,'2021-06-14 21:00:00',-3.17,302.76),(1985,2,'2021-06-14 21:20:00',-6.45,305.99),(1986,2,'2021-06-14 21:40:00',-9.59,309.37),(1987,2,'2021-06-15 07:20:00',13.08,70.49),(1988,2,'2021-06-15 07:40:00',16.85,73.2),(1989,2,'2021-06-15 08:00:00',20.68,75.88),(1990,2,'2021-06-15 08:20:00',24.55,78.55),(1991,2,'2021-06-15 08:40:00',28.46,81.24),(1992,2,'2021-06-15 09:00:00',32.4,83.98),(1993,2,'2021-06-15 09:20:00',36.35,86.79),(1994,2,'2021-06-15 09:40:00',40.32,89.74),(1995,2,'2021-06-15 10:00:00',44.29,92.86),(1996,2,'2021-06-15 10:20:00',48.25,96.22),(1997,2,'2021-06-15 10:40:00',52.18,99.93),(1998,2,'2021-06-15 11:00:00',56.06,104.11),(1999,2,'2021-06-15 11:20:00',59.87,108.96),(2000,2,'2021-06-15 11:40:00',63.56,114.74),(2001,2,'2021-06-15 12:00:00',67.06,121.88),(2002,2,'2021-06-15 12:20:00',70.26,130.95),(2003,2,'2021-06-15 12:40:00',72.98,142.72),(2004,2,'2021-06-15 13:00:00',74.96,157.78),(2005,2,'2021-06-15 13:20:00',75.88,175.73),(2006,2,'2021-06-15 13:40:00',75.53,194.35),(2007,2,'2021-06-15 14:00:00',73.99,210.88),(2008,2,'2021-06-15 14:20:00',71.57,224.1),(2009,2,'2021-06-15 14:40:00',68.56,234.3),(2010,2,'2021-06-15 15:00:00',65.18,242.23),(2011,2,'2021-06-15 15:20:00',61.56,248.57),(2012,2,'2021-06-15 15:40:00',57.81,253.8),(2013,2,'2021-06-15 16:00:00',53.95,258.25),(2014,2,'2021-06-15 16:20:00',50.04,262.16),(2015,2,'2021-06-15 16:40:00',46.09,265.67),(2016,2,'2021-06-15 17:00:00',42.13,268.89),(2017,2,'2021-06-15 17:20:00',38.16,271.9),(2018,2,'2021-06-15 17:40:00',34.19,274.77),(2019,2,'2021-06-15 18:00:00',30.25,277.54),(2020,2,'2021-06-15 18:20:00',26.32,280.25),(2021,2,'2021-06-15 18:40:00',22.44,282.93),(2022,2,'2021-06-15 19:00:00',18.59,285.6),(2023,2,'2021-06-15 19:20:00',14.79,288.29),(2024,2,'2021-06-15 19:40:00',11.05,291.03),(2025,2,'2021-06-15 20:00:00',7.38,293.82),(2026,2,'2021-06-15 20:20:00',3.79,296.69),(2027,2,'2021-06-15 20:40:00',0.29,299.66),(2028,2,'2021-06-15 21:00:00',-3.11,302.75),(2029,2,'2021-06-15 21:20:00',-6.38,305.98),(2030,2,'2021-06-15 21:40:00',-9.53,309.36),(2031,2,'2021-06-16 07:20:00',13.06,70.43),(2032,2,'2021-06-16 07:40:00',16.83,73.14),(2033,2,'2021-06-16 08:00:00',20.65,75.81),(2034,2,'2021-06-16 08:20:00',24.53,78.48),(2035,2,'2021-06-16 08:40:00',28.43,81.17),(2036,2,'2021-06-16 09:00:00',32.37,83.91),(2037,2,'2021-06-16 09:20:00',36.33,86.73),(2038,2,'2021-06-16 09:40:00',40.3,89.66),(2039,2,'2021-06-16 10:00:00',44.27,92.78),(2040,2,'2021-06-16 10:20:00',48.23,96.14),(2041,2,'2021-06-16 10:40:00',52.16,99.84),(2042,2,'2021-06-16 11:00:00',56.04,104.01),(2043,2,'2021-06-16 11:20:00',59.85,108.84),(2044,2,'2021-06-16 11:40:00',63.54,114.61),(2045,2,'2021-06-16 12:00:00',67.04,121.73),(2046,2,'2021-06-16 12:20:00',70.25,130.77),(2047,2,'2021-06-16 12:40:00',72.99,142.51),(2048,2,'2021-06-16 13:00:00',74.98,157.56),(2049,2,'2021-06-16 13:20:00',75.91,175.52),(2050,2,'2021-06-16 13:40:00',75.58,194.18),(2051,2,'2021-06-16 14:00:00',74.05,210.77),(2052,2,'2021-06-16 14:20:00',71.62,224.04),(2053,2,'2021-06-16 14:40:00',68.62,234.27),(2054,2,'2021-06-16 15:00:00',65.24,242.22),(2055,2,'2021-06-16 15:20:00',61.62,248.56),(2056,2,'2021-06-16 15:40:00',57.87,253.8),(2057,2,'2021-06-16 16:00:00',54.01,258.26),(2058,2,'2021-06-16 16:20:00',50.1,262.16),(2059,2,'2021-06-16 16:40:00',46.15,265.67),(2060,2,'2021-06-16 17:00:00',42.19,268.89),(2061,2,'2021-06-16 17:20:00',38.22,271.91),(2062,2,'2021-06-16 17:40:00',34.25,274.78),(2063,2,'2021-06-16 18:00:00',30.31,277.55),(2064,2,'2021-06-16 18:20:00',26.38,280.26),(2065,2,'2021-06-16 18:40:00',22.49,282.93),(2066,2,'2021-06-16 19:00:00',18.65,285.6),(2067,2,'2021-06-16 19:20:00',14.85,288.29),(2068,2,'2021-06-16 19:40:00',11.11,291.02),(2069,2,'2021-06-16 20:00:00',7.44,293.82),(2070,2,'2021-06-16 20:20:00',3.85,296.69),(2071,2,'2021-06-16 20:40:00',0.35,299.66),(2072,2,'2021-06-16 21:00:00',-3.05,302.74),(2073,2,'2021-06-16 21:20:00',-6.32,305.97),(2074,2,'2021-06-16 21:40:00',-9.47,309.34),(2075,2,'2021-06-17 07:20:00',13.03,70.38),(2076,2,'2021-06-17 07:40:00',16.8,73.08),(2077,2,'2021-06-17 08:00:00',20.63,75.76),(2078,2,'2021-06-17 08:20:00',24.5,78.43),(2079,2,'2021-06-17 08:40:00',28.41,81.11),(2080,2,'2021-06-17 09:00:00',32.34,83.85),(2081,2,'2021-06-17 09:20:00',36.3,86.66),(2082,2,'2021-06-17 09:40:00',40.27,89.6),(2083,2,'2021-06-17 10:00:00',44.24,92.71),(2084,2,'2021-06-17 10:20:00',48.2,96.06),(2085,2,'2021-06-17 10:40:00',52.13,99.76),(2086,2,'2021-06-17 11:00:00',56.02,103.92),(2087,2,'2021-06-17 11:20:00',59.83,108.74),(2088,2,'2021-06-17 11:40:00',63.52,114.49),(2089,2,'2021-06-17 12:00:00',67.03,121.59),(2090,2,'2021-06-17 12:20:00',70.24,130.61),(2091,2,'2021-06-17 12:40:00',72.98,142.32),(2092,2,'2021-06-17 13:00:00',74.99,157.34),(2093,2,'2021-06-17 13:20:00',75.94,175.31),(2094,2,'2021-06-17 13:40:00',75.61,194.01),(2095,2,'2021-06-17 14:00:00',74.09,210.66),(2096,2,'2021-06-17 14:20:00',71.68,223.97),(2097,2,'2021-06-17 14:40:00',68.67,234.23),(2098,2,'2021-06-17 15:00:00',65.29,242.19),(2099,2,'2021-06-17 15:20:00',61.68,248.55),(2100,2,'2021-06-17 15:40:00',57.92,253.79),(2101,2,'2021-06-17 16:00:00',54.07,258.25),(2102,2,'2021-06-17 16:20:00',50.16,262.16),(2103,2,'2021-06-17 16:40:00',46.21,265.67),(2104,2,'2021-06-17 17:00:00',42.24,268.89),(2105,2,'2021-06-17 17:20:00',38.27,271.91),(2106,2,'2021-06-17 17:40:00',34.31,274.78),(2107,2,'2021-06-17 18:00:00',30.36,277.55),(2108,2,'2021-06-17 18:20:00',26.44,280.25),(2109,2,'2021-06-17 18:40:00',22.55,282.93),(2110,2,'2021-06-17 19:00:00',18.7,285.6),(2111,2,'2021-06-17 19:20:00',14.91,288.29),(2112,2,'2021-06-17 19:40:00',11.17,291.02),(2113,2,'2021-06-17 20:00:00',7.5,293.81),(2114,2,'2021-06-17 20:20:00',3.9,296.68),(2115,2,'2021-06-17 20:40:00',0.4,299.64),(2116,2,'2021-06-17 21:00:00',-2.99,302.73),(2117,2,'2021-06-17 21:20:00',-6.27,305.95),(2118,2,'2021-06-17 21:40:00',-9.42,309.32),(2119,2,'2021-06-18 07:20:00',13.01,70.33),(2120,2,'2021-06-18 07:40:00',16.78,73.03),(2121,2,'2021-06-18 08:00:00',20.6,75.71),(2122,2,'2021-06-18 08:20:00',24.47,78.38),(2123,2,'2021-06-18 08:40:00',28.38,81.06),(2124,2,'2021-06-18 09:00:00',32.31,83.8),(2125,2,'2021-06-18 09:20:00',36.27,86.61),(2126,2,'2021-06-18 09:40:00',40.24,89.54),(2127,2,'2021-06-18 10:00:00',44.21,92.65),(2128,2,'2021-06-18 10:20:00',48.17,96),(2129,2,'2021-06-18 10:40:00',52.1,99.68),(2130,2,'2021-06-18 11:00:00',55.99,103.84),(2131,2,'2021-06-18 11:20:00',59.8,108.65),(2132,2,'2021-06-18 11:40:00',63.49,114.38),(2133,2,'2021-06-18 12:00:00',67.01,121.46),(2134,2,'2021-06-18 12:20:00',70.22,130.45),(2135,2,'2021-06-18 12:40:00',72.98,142.13),(2136,2,'2021-06-18 13:00:00',75,157.13),(2137,2,'2021-06-18 13:20:00',75.96,175.1),(2138,2,'2021-06-18 13:40:00',75.65,193.83),(2139,2,'2021-06-18 14:00:00',74.14,210.53),(2140,2,'2021-06-18 14:20:00',71.72,223.88),(2141,2,'2021-06-18 14:40:00',68.72,234.17),(2142,2,'2021-06-18 15:00:00',65.34,242.15),(2143,2,'2021-06-18 15:20:00',61.73,248.52),(2144,2,'2021-06-18 15:40:00',57.98,253.77),(2145,2,'2021-06-18 16:00:00',54.12,258.24),(2146,2,'2021-06-18 16:20:00',50.21,262.15),(2147,2,'2021-06-18 16:40:00',46.26,265.66),(2148,2,'2021-06-18 17:00:00',42.3,268.88),(2149,2,'2021-06-18 17:20:00',38.33,271.9),(2150,2,'2021-06-18 17:40:00',34.36,274.77),(2151,2,'2021-06-18 18:00:00',30.42,277.54),(2152,2,'2021-06-18 18:20:00',26.49,280.24),(2153,2,'2021-06-18 18:40:00',22.6,282.92),(2154,2,'2021-06-18 19:00:00',18.76,285.59),(2155,2,'2021-06-18 19:20:00',14.96,288.27),(2156,2,'2021-06-18 19:40:00',11.22,291),(2157,2,'2021-06-18 20:00:00',7.55,293.79),(2158,2,'2021-06-18 20:20:00',3.96,296.66),(2159,2,'2021-06-18 20:40:00',0.45,299.63),(2160,2,'2021-06-18 21:00:00',-2.94,302.71),(2161,2,'2021-06-18 21:20:00',-6.22,305.93),(2162,2,'2021-06-18 21:40:00',-9.37,309.3),(2163,2,'2021-06-19 07:20:00',12.98,70.28),(2164,2,'2021-06-19 07:40:00',16.74,72.99),(2165,2,'2021-06-19 08:00:00',20.57,75.67),(2166,2,'2021-06-19 08:20:00',24.44,78.33),(2167,2,'2021-06-19 08:40:00',28.34,81.02),(2168,2,'2021-06-19 09:00:00',32.28,83.75),(2169,2,'2021-06-19 09:20:00',36.23,86.56),(2170,2,'2021-06-19 09:40:00',40.2,89.49),(2171,2,'2021-06-19 10:00:00',44.17,92.59),(2172,2,'2021-06-19 10:20:00',48.13,95.94),(2173,2,'2021-06-19 10:40:00',52.07,99.62),(2174,2,'2021-06-19 11:00:00',55.95,103.77),(2175,2,'2021-06-19 11:20:00',59.77,108.57),(2176,2,'2021-06-19 11:40:00',63.46,114.29),(2177,2,'2021-06-19 12:00:00',66.98,121.34),(2178,2,'2021-06-19 12:20:00',70.2,130.31),(2179,2,'2021-06-19 12:40:00',72.96,141.96),(2180,2,'2021-06-19 13:00:00',74.99,156.93),(2181,2,'2021-06-19 13:20:00',75.97,174.89),(2182,2,'2021-06-19 13:40:00',75.67,193.65),(2183,2,'2021-06-19 14:00:00',74.17,210.39),(2184,2,'2021-06-19 14:20:00',71.77,223.78),(2185,2,'2021-06-19 14:40:00',68.77,234.1),(2186,2,'2021-06-19 15:00:00',65.39,242.1),(2187,2,'2021-06-19 15:20:00',61.78,248.48),(2188,2,'2021-06-19 15:40:00',58.03,253.74),(2189,2,'2021-06-19 16:00:00',54.17,258.21),(2190,2,'2021-06-19 16:20:00',50.26,262.13),(2191,2,'2021-06-19 16:40:00',46.31,265.64),(2192,2,'2021-06-19 17:00:00',42.35,268.86),(2193,2,'2021-06-19 17:20:00',38.38,271.88),(2194,2,'2021-06-19 17:40:00',34.41,274.75),(2195,2,'2021-06-19 18:00:00',30.47,277.52),(2196,2,'2021-06-19 18:20:00',26.54,280.23),(2197,2,'2021-06-19 18:40:00',22.65,282.9),(2198,2,'2021-06-19 19:00:00',18.8,285.57),(2199,2,'2021-06-19 19:20:00',15.01,288.26),(2200,2,'2021-06-19 19:40:00',11.27,290.98),(2201,2,'2021-06-19 20:00:00',7.59,293.77),(2202,2,'2021-06-19 20:20:00',4,296.64),(2203,2,'2021-06-19 20:40:00',0.5,299.6),(2204,2,'2021-06-19 21:00:00',-2.9,302.68),(2205,2,'2021-06-19 21:20:00',-6.18,305.9),(2206,2,'2021-06-19 21:40:00',-9.33,309.27),(2207,2,'2021-06-20 07:20:00',12.94,70.25),(2208,2,'2021-06-20 07:40:00',16.71,72.95),(2209,2,'2021-06-20 08:00:00',20.53,75.63),(2210,2,'2021-06-20 08:20:00',24.4,78.3),(2211,2,'2021-06-20 08:40:00',28.3,80.98),(2212,2,'2021-06-20 09:00:00',32.24,83.71),(2213,2,'2021-06-20 09:20:00',36.2,86.52),(2214,2,'2021-06-20 09:40:00',40.16,89.45),(2215,2,'2021-06-20 10:00:00',44.13,92.55),(2216,2,'2021-06-20 10:20:00',48.09,95.89),(2217,2,'2021-06-20 10:40:00',52.03,99.57),(2218,2,'2021-06-20 11:00:00',55.92,103.71),(2219,2,'2021-06-20 11:20:00',59.73,108.5),(2220,2,'2021-06-20 11:40:00',63.43,114.21),(2221,2,'2021-06-20 12:00:00',66.95,121.24),(2222,2,'2021-06-20 12:20:00',70.18,130.19),(2223,2,'2021-06-20 12:40:00',72.94,141.8),(2224,2,'2021-06-20 13:00:00',74.98,156.74),(2225,2,'2021-06-20 13:20:00',75.97,174.68),(2226,2,'2021-06-20 13:40:00',75.69,193.46),(2227,2,'2021-06-20 14:00:00',74.2,210.23),(2228,2,'2021-06-20 14:20:00',71.8,223.67),(2229,2,'2021-06-20 14:40:00',68.81,234.01),(2230,2,'2021-06-20 15:00:00',65.43,242.04),(2231,2,'2021-06-20 15:20:00',61.83,248.43),(2232,2,'2021-06-20 15:40:00',58.07,253.7),(2233,2,'2021-06-20 16:00:00',54.22,258.18),(2234,2,'2021-06-20 16:20:00',50.31,262.1),(2235,2,'2021-06-20 16:40:00',46.36,265.61),(2236,2,'2021-06-20 17:00:00',42.39,268.84),(2237,2,'2021-06-20 17:20:00',38.42,271.86),(2238,2,'2021-06-20 17:40:00',34.46,274.73),(2239,2,'2021-06-20 18:00:00',30.51,277.5),(2240,2,'2021-06-20 18:20:00',26.59,280.2),(2241,2,'2021-06-20 18:40:00',22.7,282.88),(2242,2,'2021-06-20 19:00:00',18.85,285.54),(2243,2,'2021-06-20 19:20:00',15.05,288.23),(2244,2,'2021-06-20 19:40:00',11.31,290.96),(2245,2,'2021-06-20 20:00:00',7.64,293.74),(2246,2,'2021-06-20 20:20:00',4.04,296.61),(2247,2,'2021-06-20 20:40:00',0.54,299.57),(2248,2,'2021-06-20 21:00:00',-2.86,302.65),(2249,2,'2021-06-20 21:20:00',-6.14,305.87),(2250,2,'2021-06-20 21:40:00',-9.29,309.23),(2251,2,'2021-06-21 07:20:00',12.9,70.21),(2252,2,'2021-06-21 07:40:00',16.67,72.92),(2253,2,'2021-06-21 08:00:00',20.49,75.6),(2254,2,'2021-06-21 08:20:00',24.36,78.26),(2255,2,'2021-06-21 08:40:00',28.26,80.95),(2256,2,'2021-06-21 09:00:00',32.2,83.68),(2257,2,'2021-06-21 09:20:00',36.15,86.48),(2258,2,'2021-06-21 09:40:00',40.12,89.41),(2259,2,'2021-06-21 10:00:00',44.09,92.51),(2260,2,'2021-06-21 10:20:00',48.05,95.85),(2261,2,'2021-06-21 10:40:00',51.99,99.52),(2262,2,'2021-06-21 11:00:00',55.87,103.66),(2263,2,'2021-06-21 11:20:00',59.69,108.44),(2264,2,'2021-06-21 11:40:00',63.39,114.14),(2265,2,'2021-06-21 12:00:00',66.91,121.15),(2266,2,'2021-06-21 12:20:00',70.14,130.08),(2267,2,'2021-06-21 12:40:00',72.92,141.66),(2268,2,'2021-06-21 13:00:00',74.97,156.56),(2269,2,'2021-06-21 13:20:00',75.97,174.47),(2270,2,'2021-06-21 13:40:00',75.7,193.26),(2271,2,'2021-06-21 14:00:00',74.22,210.07),(2272,2,'2021-06-21 14:20:00',71.83,223.54),(2273,2,'2021-06-21 14:40:00',68.84,233.92),(2274,2,'2021-06-21 15:00:00',65.47,241.96),(2275,2,'2021-06-21 15:20:00',61.87,248.37),(2276,2,'2021-06-21 15:40:00',58.11,253.65),(2277,2,'2021-06-21 16:00:00',54.26,258.13),(2278,2,'2021-06-21 16:20:00',50.35,262.05),(2279,2,'2021-06-21 16:40:00',46.4,265.57),(2280,2,'2021-06-21 17:00:00',42.44,268.8),(2281,2,'2021-06-21 17:20:00',38.47,271.82),(2282,2,'2021-06-21 17:40:00',34.5,274.7),(2283,2,'2021-06-21 18:00:00',30.55,277.47),(2284,2,'2021-06-21 18:20:00',26.63,280.17),(2285,2,'2021-06-21 18:40:00',22.74,282.85),(2286,2,'2021-06-21 19:00:00',18.89,285.51),(2287,2,'2021-06-21 19:20:00',15.09,288.2),(2288,2,'2021-06-21 19:40:00',11.35,290.93),(2289,2,'2021-06-21 20:00:00',7.68,293.71),(2290,2,'2021-06-21 20:20:00',4.08,296.58),(2291,2,'2021-06-21 20:40:00',0.58,299.54),(2292,2,'2021-06-21 21:00:00',-2.82,302.62),(2293,2,'2021-06-21 21:20:00',-6.11,305.83),(2294,2,'2021-06-21 21:40:00',-9.26,309.2),(2295,2,'2021-06-22 07:20:00',12.86,70.19),(2296,2,'2021-06-22 07:40:00',16.62,72.89),(2297,2,'2021-06-22 08:00:00',20.45,75.57),(2298,2,'2021-06-22 08:20:00',24.31,78.24),(2299,2,'2021-06-22 08:40:00',28.22,80.92),(2300,2,'2021-06-22 09:00:00',32.15,83.65),(2301,2,'2021-06-22 09:20:00',36.11,86.46),(2302,2,'2021-06-22 09:40:00',40.08,89.38),(2303,2,'2021-06-22 10:00:00',44.04,92.48),(2304,2,'2021-06-22 10:20:00',48,95.82),(2305,2,'2021-06-22 10:40:00',51.94,99.49),(2306,2,'2021-06-22 11:00:00',55.83,103.62),(2307,2,'2021-06-22 11:20:00',59.65,108.39),(2308,2,'2021-06-22 11:40:00',63.35,114.08),(2309,2,'2021-06-22 12:00:00',66.87,121.08),(2310,2,'2021-06-22 12:20:00',70.11,129.98),(2311,2,'2021-06-22 12:40:00',72.88,141.52),(2312,2,'2021-06-22 13:00:00',74.94,156.38),(2313,2,'2021-06-22 13:20:00',75.96,174.27),(2314,2,'2021-06-22 13:40:00',75.7,193.06),(2315,2,'2021-06-22 14:00:00',74.24,209.89),(2316,2,'2021-06-22 14:20:00',71.86,223.4),(2317,2,'2021-06-22 14:40:00',68.87,233.81),(2318,2,'2021-06-22 15:00:00',65.51,241.87),(2319,2,'2021-06-22 15:20:00',61.9,248.3),(2320,2,'2021-06-22 15:40:00',58.15,253.58),(2321,2,'2021-06-22 16:00:00',54.3,258.08),(2322,2,'2021-06-22 16:20:00',50.39,262.01),(2323,2,'2021-06-22 16:40:00',46.44,265.53),(2324,2,'2021-06-22 17:00:00',42.48,268.76),(2325,2,'2021-06-22 17:20:00',38.51,271.78),(2326,2,'2021-06-22 17:40:00',34.54,274.66),(2327,2,'2021-06-22 18:00:00',30.59,277.43),(2328,2,'2021-06-22 18:20:00',26.67,280.14),(2329,2,'2021-06-22 18:40:00',22.78,282.81),(2330,2,'2021-06-22 19:00:00',18.93,285.48),(2331,2,'2021-06-22 19:20:00',15.13,288.17),(2332,2,'2021-06-22 19:40:00',11.39,290.89),(2333,2,'2021-06-22 20:00:00',7.71,293.68),(2334,2,'2021-06-22 20:20:00',4.12,296.54),(2335,2,'2021-06-22 20:40:00',0.61,299.5),(2336,2,'2021-06-22 21:00:00',-2.79,302.58),(2337,2,'2021-06-22 21:20:00',-6.08,305.79),(2338,2,'2021-06-22 21:40:00',-9.23,309.15),(2339,2,'2021-06-23 07:20:00',12.81,70.17),(2340,2,'2021-06-23 07:40:00',16.58,72.88),(2341,2,'2021-06-23 08:00:00',20.4,75.55),(2342,2,'2021-06-23 08:20:00',24.26,78.22),(2343,2,'2021-06-23 08:40:00',28.17,80.91),(2344,2,'2021-06-23 09:00:00',32.1,83.63),(2345,2,'2021-06-23 09:20:00',36.06,86.44),(2346,2,'2021-06-23 09:40:00',40.03,89.37),(2347,2,'2021-06-23 10:00:00',44,92.46),(2348,2,'2021-06-23 10:20:00',47.96,95.8),(2349,2,'2021-06-23 10:40:00',51.89,99.46),(2350,2,'2021-06-23 11:00:00',55.78,103.59),(2351,2,'2021-06-23 11:20:00',59.6,108.35),(2352,2,'2021-06-23 11:40:00',63.3,114.03),(2353,2,'2021-06-23 12:00:00',66.83,121.02),(2354,2,'2021-06-23 12:20:00',70.06,129.89),(2355,2,'2021-06-23 12:40:00',72.85,141.41),(2356,2,'2021-06-23 13:00:00',74.91,156.22),(2357,2,'2021-06-23 13:20:00',75.94,174.07),(2358,2,'2021-06-23 13:40:00',75.7,192.85),(2359,2,'2021-06-23 14:00:00',74.25,209.71),(2360,2,'2021-06-23 14:20:00',71.88,223.25),(2361,2,'2021-06-23 14:40:00',68.9,233.68),(2362,2,'2021-06-23 15:00:00',65.54,241.77),(2363,2,'2021-06-23 15:20:00',61.94,248.21),(2364,2,'2021-06-23 15:40:00',58.18,253.51),(2365,2,'2021-06-23 16:00:00',54.33,258.01),(2366,2,'2021-06-23 16:20:00',50.42,261.95),(2367,2,'2021-06-23 16:40:00',46.48,265.48),(2368,2,'2021-06-23 17:00:00',42.51,268.71),(2369,2,'2021-06-23 17:20:00',38.54,271.74),(2370,2,'2021-06-23 17:40:00',34.58,274.61),(2371,2,'2021-06-23 18:00:00',30.63,277.38),(2372,2,'2021-06-23 18:20:00',26.7,280.09),(2373,2,'2021-06-23 18:40:00',22.81,282.77),(2374,2,'2021-06-23 19:00:00',18.96,285.44),(2375,2,'2021-06-23 19:20:00',15.16,288.12),(2376,2,'2021-06-23 19:40:00',11.42,290.85),(2377,2,'2021-06-23 20:00:00',7.74,293.63),(2378,2,'2021-06-23 20:20:00',4.14,296.5),(2379,2,'2021-06-23 20:40:00',0.64,299.46),(2380,2,'2021-06-23 21:00:00',-2.77,302.53),(2381,2,'2021-06-23 21:20:00',-6.05,305.74),(2382,2,'2021-06-23 21:40:00',-9.21,309.11),(2383,2,'2021-06-24 07:20:00',12.76,70.15),(2384,2,'2021-06-24 07:40:00',16.53,72.86),(2385,2,'2021-06-24 08:00:00',20.35,75.54),(2386,2,'2021-06-24 08:20:00',24.21,78.21),(2387,2,'2021-06-24 08:40:00',28.12,80.89),(2388,2,'2021-06-24 09:00:00',32.05,83.62),(2389,2,'2021-06-24 09:20:00',36.01,86.43),(2390,2,'2021-06-24 09:40:00',39.97,89.35),(2391,2,'2021-06-24 10:00:00',43.94,92.45),(2392,2,'2021-06-24 10:20:00',47.9,95.78),(2393,2,'2021-06-24 10:40:00',51.84,99.45),(2394,2,'2021-06-24 11:00:00',55.73,103.57),(2395,2,'2021-06-24 11:20:00',59.55,108.33),(2396,2,'2021-06-24 11:40:00',63.25,114),(2397,2,'2021-06-24 12:00:00',66.78,120.97),(2398,2,'2021-06-24 12:20:00',70.02,129.82),(2399,2,'2021-06-24 12:40:00',72.8,141.3),(2400,2,'2021-06-24 13:00:00',74.88,156.07),(2401,2,'2021-06-24 13:20:00',75.92,173.88),(2402,2,'2021-06-24 13:40:00',75.69,192.64),(2403,2,'2021-06-24 14:00:00',74.25,209.51),(2404,2,'2021-06-24 14:20:00',71.89,223.08),(2405,2,'2021-06-24 14:40:00',68.92,233.54),(2406,2,'2021-06-24 15:00:00',65.56,241.66),(2407,2,'2021-06-24 15:20:00',61.96,248.11),(2408,2,'2021-06-24 15:40:00',58.21,253.43),(2409,2,'2021-06-24 16:00:00',54.37,257.94),(2410,2,'2021-06-24 16:20:00',50.46,261.88),(2411,2,'2021-06-24 16:40:00',46.51,265.41),(2412,2,'2021-06-24 17:00:00',42.54,268.65),(2413,2,'2021-06-24 17:20:00',38.57,271.68),(2414,2,'2021-06-24 17:40:00',34.61,274.56),(2415,2,'2021-06-24 18:00:00',30.66,277.33),(2416,2,'2021-06-24 18:20:00',26.74,280.04),(2417,2,'2021-06-24 18:40:00',22.84,282.72),(2418,2,'2021-06-24 19:00:00',18.99,285.39),(2419,2,'2021-06-24 19:20:00',15.19,288.08),(2420,2,'2021-06-24 19:40:00',11.44,290.8),(2421,2,'2021-06-24 20:00:00',7.77,293.59),(2422,2,'2021-06-24 20:20:00',4.17,296.45),(2423,2,'2021-06-24 20:40:00',0.66,299.41),(2424,2,'2021-06-24 21:00:00',-2.75,302.48),(2425,2,'2021-06-24 21:20:00',-6.03,305.69),(2426,2,'2021-06-24 21:40:00',-9.19,309.05),(2427,2,'2021-06-25 07:20:00',12.71,70.14),(2428,2,'2021-06-25 07:40:00',16.47,72.86),(2429,2,'2021-06-25 08:00:00',20.29,75.53),(2430,2,'2021-06-25 08:20:00',24.16,78.2),(2431,2,'2021-06-25 08:40:00',28.06,80.89),(2432,2,'2021-06-25 09:00:00',32,83.62),(2433,2,'2021-06-25 09:20:00',35.95,86.43),(2434,2,'2021-06-25 09:40:00',39.92,89.35),(2435,2,'2021-06-25 10:00:00',43.89,92.45),(2436,2,'2021-06-25 10:20:00',47.85,95.78),(2437,2,'2021-06-25 10:40:00',51.78,99.44),(2438,2,'2021-06-25 11:00:00',55.67,103.56),(2439,2,'2021-06-25 11:20:00',59.49,108.32),(2440,2,'2021-06-25 11:40:00',63.2,113.98),(2441,2,'2021-06-25 12:00:00',66.72,120.94),(2442,2,'2021-06-25 12:20:00',69.96,129.77),(2443,2,'2021-06-25 12:40:00',72.76,141.21),(2444,2,'2021-06-25 13:00:00',74.84,155.93),(2445,2,'2021-06-25 13:20:00',75.89,173.69),(2446,2,'2021-06-25 13:40:00',75.67,192.43),(2447,2,'2021-06-25 14:00:00',74.25,209.31),(2448,2,'2021-06-25 14:20:00',71.9,222.9),(2449,2,'2021-06-25 14:40:00',68.93,233.39),(2450,2,'2021-06-25 15:00:00',65.58,241.53),(2451,2,'2021-06-25 15:20:00',61.99,248.01),(2452,2,'2021-06-25 15:40:00',58.24,253.33),(2453,2,'2021-06-25 16:00:00',54.39,257.85),(2454,2,'2021-06-25 16:20:00',50.48,261.8),(2455,2,'2021-06-25 16:40:00',46.54,265.34),(2456,2,'2021-06-25 17:00:00',42.57,268.59),(2457,2,'2021-06-25 17:20:00',38.6,271.62),(2458,2,'2021-06-25 17:40:00',34.64,274.5),(2459,2,'2021-06-25 18:00:00',30.69,277.28),(2460,2,'2021-06-25 18:20:00',26.76,279.99),(2461,2,'2021-06-25 18:40:00',22.87,282.67),(2462,2,'2021-06-25 19:00:00',19.02,285.34),(2463,2,'2021-06-25 19:20:00',15.21,288.02),(2464,2,'2021-06-25 19:40:00',11.47,290.75),(2465,2,'2021-06-25 20:00:00',7.79,293.53),(2466,2,'2021-06-25 20:20:00',4.19,296.4),(2467,2,'2021-06-25 20:40:00',0.68,299.35),(2468,2,'2021-06-25 21:00:00',-2.73,302.43),(2469,2,'2021-06-25 21:20:00',-6.02,305.64),(2470,2,'2021-06-25 21:40:00',-9.18,309),(2471,2,'2021-06-26 07:20:00',12.65,70.14),(2472,2,'2021-06-26 07:40:00',16.41,72.85),(2473,2,'2021-06-26 08:00:00',20.23,75.53),(2474,2,'2021-06-26 08:20:00',24.1,78.21),(2475,2,'2021-06-26 08:40:00',28,80.89),(2476,2,'2021-06-26 09:00:00',31.94,83.62),(2477,2,'2021-06-26 09:20:00',35.89,86.43),(2478,2,'2021-06-26 09:40:00',39.86,89.36),(2479,2,'2021-06-26 10:00:00',43.83,92.45),(2480,2,'2021-06-26 10:20:00',47.79,95.78),(2481,2,'2021-06-26 10:40:00',51.73,99.45),(2482,2,'2021-06-26 11:00:00',55.62,103.56),(2483,2,'2021-06-26 11:20:00',59.43,108.32),(2484,2,'2021-06-26 11:40:00',63.14,113.97),(2485,2,'2021-06-26 12:00:00',66.66,120.92),(2486,2,'2021-06-26 12:20:00',69.91,129.73),(2487,2,'2021-06-26 12:40:00',72.7,141.14),(2488,2,'2021-06-26 13:00:00',74.79,155.81),(2489,2,'2021-06-26 13:20:00',75.85,173.5),(2490,2,'2021-06-26 13:40:00',75.65,192.21),(2491,2,'2021-06-26 14:00:00',74.24,209.09),(2492,2,'2021-06-26 14:20:00',71.9,222.71),(2493,2,'2021-06-26 14:40:00',68.94,233.23),(2494,2,'2021-06-26 15:00:00',65.59,241.39),(2495,2,'2021-06-26 15:20:00',62,247.89),(2496,2,'2021-06-26 15:40:00',58.26,253.23),(2497,2,'2021-06-26 16:00:00',54.41,257.76),(2498,2,'2021-06-26 16:20:00',50.51,261.72),(2499,2,'2021-06-26 16:40:00',46.56,265.26),(2500,2,'2021-06-26 17:00:00',42.6,268.51),(2501,2,'2021-06-26 17:20:00',38.63,271.55),(2502,2,'2021-06-26 17:40:00',34.66,274.43),(2503,2,'2021-06-26 18:00:00',30.71,277.21),(2504,2,'2021-06-26 18:20:00',26.78,279.93),(2505,2,'2021-06-26 18:40:00',22.89,282.61),(2506,2,'2021-06-26 19:00:00',19.04,285.28),(2507,2,'2021-06-26 19:20:00',15.23,287.97),(2508,2,'2021-06-26 19:40:00',11.48,290.69),(2509,2,'2021-06-26 20:00:00',7.81,293.48),(2510,2,'2021-06-26 20:20:00',4.2,296.34),(2511,2,'2021-06-26 20:40:00',0.69,299.3),(2512,2,'2021-06-26 21:00:00',-2.72,302.37),(2513,2,'2021-06-26 21:20:00',-6.01,305.58),(2514,2,'2021-06-26 21:40:00',-9.17,308.94),(2515,2,'2021-06-27 07:20:00',12.59,70.15),(2516,2,'2021-06-27 07:40:00',16.35,72.86),(2517,2,'2021-06-27 08:00:00',20.17,75.54),(2518,2,'2021-06-27 08:20:00',24.04,78.21),(2519,2,'2021-06-27 08:40:00',27.94,80.9),(2520,2,'2021-06-27 09:00:00',31.88,83.63),(2521,2,'2021-06-27 09:20:00',35.83,86.44),(2522,2,'2021-06-27 09:40:00',39.8,89.37),(2523,2,'2021-06-27 10:00:00',43.77,92.47),(2524,2,'2021-06-27 10:20:00',47.73,95.8),(2525,2,'2021-06-27 10:40:00',51.66,99.46),(2526,2,'2021-06-27 11:00:00',55.55,103.58),(2527,2,'2021-06-27 11:20:00',59.37,108.33),(2528,2,'2021-06-27 11:40:00',63.08,113.98),(2529,2,'2021-06-27 12:00:00',66.6,120.91),(2530,2,'2021-06-27 12:20:00',69.85,129.7),(2531,2,'2021-06-27 12:40:00',72.64,141.07),(2532,2,'2021-06-27 13:00:00',74.73,155.69),(2533,2,'2021-06-27 13:20:00',75.8,173.33),(2534,2,'2021-06-27 13:40:00',75.62,191.99),(2535,2,'2021-06-27 14:00:00',74.22,208.87),(2536,2,'2021-06-27 14:20:00',71.89,222.51),(2537,2,'2021-06-27 14:40:00',68.94,233.06),(2538,2,'2021-06-27 15:00:00',65.6,241.24),(2539,2,'2021-06-27 15:20:00',62.02,247.76),(2540,2,'2021-06-27 15:40:00',58.28,253.11),(2541,2,'2021-06-27 16:00:00',54.43,257.65),(2542,2,'2021-06-27 16:20:00',50.53,261.62),(2543,2,'2021-06-27 16:40:00',46.58,265.18),(2544,2,'2021-06-27 17:00:00',42.62,268.43),(2545,2,'2021-06-27 17:20:00',38.65,271.47),(2546,2,'2021-06-27 17:40:00',34.68,274.36),(2547,2,'2021-06-27 18:00:00',30.73,277.14),(2548,2,'2021-06-27 18:20:00',26.8,279.86),(2549,2,'2021-06-27 18:40:00',22.91,282.54),(2550,2,'2021-06-27 19:00:00',19.05,285.21),(2551,2,'2021-06-27 19:20:00',15.25,287.9),(2552,2,'2021-06-27 19:40:00',11.5,290.63),(2553,2,'2021-06-27 20:00:00',7.82,293.41),(2554,2,'2021-06-27 20:20:00',4.21,296.27),(2555,2,'2021-06-27 20:40:00',0.7,299.23),(2556,2,'2021-06-27 21:00:00',-2.71,302.31),(2557,2,'2021-06-27 21:20:00',-6.01,305.51),(2558,2,'2021-06-27 21:40:00',-9.17,308.87),(2559,2,'2021-06-28 07:20:00',12.52,70.16),(2560,2,'2021-06-28 07:40:00',16.29,72.87),(2561,2,'2021-06-28 08:00:00',20.11,75.56),(2562,2,'2021-06-28 08:20:00',23.97,78.23),(2563,2,'2021-06-28 08:40:00',27.88,80.92),(2564,2,'2021-06-28 09:00:00',31.81,83.65),(2565,2,'2021-06-28 09:20:00',35.77,86.46),(2566,2,'2021-06-28 09:40:00',39.74,89.39),(2567,2,'2021-06-28 10:00:00',43.71,92.49),(2568,2,'2021-06-28 10:20:00',47.66,95.82),(2569,2,'2021-06-28 10:40:00',51.6,99.48),(2570,2,'2021-06-28 11:00:00',55.49,103.6),(2571,2,'2021-06-28 11:20:00',59.31,108.35),(2572,2,'2021-06-28 11:40:00',63.01,113.99),(2573,2,'2021-06-28 12:00:00',66.54,120.92),(2574,2,'2021-06-28 12:20:00',69.78,129.69),(2575,2,'2021-06-28 12:40:00',72.58,141.03),(2576,2,'2021-06-28 13:00:00',74.67,155.59),(2577,2,'2021-06-28 13:20:00',75.75,173.16),(2578,2,'2021-06-28 13:40:00',75.58,191.77),(2579,2,'2021-06-28 14:00:00',74.2,208.64),(2580,2,'2021-06-28 14:20:00',71.88,222.3),(2581,2,'2021-06-28 14:40:00',68.94,232.87),(2582,2,'2021-06-28 15:00:00',65.61,241.08),(2583,2,'2021-06-28 15:20:00',62.03,247.61),(2584,2,'2021-06-28 15:40:00',58.29,252.99),(2585,2,'2021-06-28 16:00:00',54.45,257.54),(2586,2,'2021-06-28 16:20:00',50.54,261.52),(2587,2,'2021-06-28 16:40:00',46.6,265.08),(2588,2,'2021-06-28 17:00:00',42.63,268.34),(2589,2,'2021-06-28 17:20:00',38.66,271.39),(2590,2,'2021-06-28 17:40:00',34.7,274.28),(2591,2,'2021-06-28 18:00:00',30.75,277.07),(2592,2,'2021-06-28 18:20:00',26.82,279.79),(2593,2,'2021-06-28 18:40:00',22.92,282.47),(2594,2,'2021-06-28 19:00:00',19.07,285.14),(2595,2,'2021-06-28 19:20:00',15.26,287.83),(2596,2,'2021-06-28 19:40:00',11.51,290.56),(2597,2,'2021-06-28 20:00:00',7.82,293.34),(2598,2,'2021-06-28 20:20:00',4.22,296.21),(2599,2,'2021-06-28 20:40:00',0.7,299.17),(2600,2,'2021-06-28 21:00:00',-2.71,302.24),(2601,2,'2021-06-28 21:20:00',-6.01,305.45),(2602,2,'2021-06-28 21:40:00',-9.18,308.8),(2603,2,'2021-06-29 07:20:00',12.45,70.17),(2604,2,'2021-06-29 07:40:00',16.22,72.89),(2605,2,'2021-06-29 08:00:00',20.04,75.57),(2606,2,'2021-06-29 08:20:00',23.91,78.25),(2607,2,'2021-06-29 08:40:00',27.81,80.94),(2608,2,'2021-06-29 09:00:00',31.75,83.68),(2609,2,'2021-06-29 09:20:00',35.7,86.49),(2610,2,'2021-06-29 09:40:00',39.67,89.42),(2611,2,'2021-06-29 10:00:00',43.64,92.52),(2612,2,'2021-06-29 10:20:00',47.6,95.86),(2613,2,'2021-06-29 10:40:00',51.53,99.52),(2614,2,'2021-06-29 11:00:00',55.42,103.63),(2615,2,'2021-06-29 11:20:00',59.24,108.38),(2616,2,'2021-06-29 11:40:00',62.94,114.02),(2617,2,'2021-06-29 12:00:00',66.46,120.94),(2618,2,'2021-06-29 12:20:00',69.71,129.69),(2619,2,'2021-06-29 12:40:00',72.51,141),(2620,2,'2021-06-29 13:00:00',74.61,155.5),(2621,2,'2021-06-29 13:20:00',75.69,172.99),(2622,2,'2021-06-29 13:40:00',75.53,191.55),(2623,2,'2021-06-29 14:00:00',74.16,208.41),(2624,2,'2021-06-29 14:20:00',71.86,222.08),(2625,2,'2021-06-29 14:40:00',68.93,232.67),(2626,2,'2021-06-29 15:00:00',65.61,240.91),(2627,2,'2021-06-29 15:20:00',62.03,247.46),(2628,2,'2021-06-29 15:40:00',58.29,252.85),(2629,2,'2021-06-29 16:00:00',54.46,257.42),(2630,2,'2021-06-29 16:20:00',50.55,261.41),(2631,2,'2021-06-29 16:40:00',46.61,264.98),(2632,2,'2021-06-29 17:00:00',42.65,268.25),(2633,2,'2021-06-29 17:20:00',38.68,271.3),(2634,2,'2021-06-29 17:40:00',34.71,274.2),(2635,2,'2021-06-29 18:00:00',30.76,276.98),(2636,2,'2021-06-29 18:20:00',26.83,279.71),(2637,2,'2021-06-29 18:40:00',22.93,282.39),(2638,2,'2021-06-29 19:00:00',19.07,285.07),(2639,2,'2021-06-29 19:20:00',15.26,287.76),(2640,2,'2021-06-29 19:40:00',11.51,290.49),(2641,2,'2021-06-29 20:00:00',7.83,293.27),(2642,2,'2021-06-29 20:20:00',4.22,296.13),(2643,2,'2021-06-29 20:40:00',0.7,299.09),(2644,2,'2021-06-29 21:00:00',-2.72,302.17),(2645,2,'2021-06-29 21:20:00',-6.02,305.37),(2646,2,'2021-06-29 21:40:00',-9.19,308.73),(2647,2,'2021-06-30 07:20:00',12.38,70.19),(2648,2,'2021-06-30 07:40:00',16.15,72.91),(2649,2,'2021-06-30 08:00:00',19.97,75.6),(2650,2,'2021-06-30 08:20:00',23.84,78.28),(2651,2,'2021-06-30 08:40:00',27.74,80.97),(2652,2,'2021-06-30 09:00:00',31.68,83.71),(2653,2,'2021-06-30 09:20:00',35.63,86.52),(2654,2,'2021-06-30 09:40:00',39.6,89.46),(2655,2,'2021-06-30 10:00:00',43.57,92.56),(2656,2,'2021-06-30 10:20:00',47.53,95.9),(2657,2,'2021-06-30 10:40:00',51.46,99.56),(2658,2,'2021-06-30 11:00:00',55.35,103.68),(2659,2,'2021-06-30 11:20:00',59.17,108.43),(2660,2,'2021-06-30 11:40:00',62.87,114.07),(2661,2,'2021-06-30 12:00:00',66.39,120.98),(2662,2,'2021-06-30 12:20:00',69.63,129.71),(2663,2,'2021-06-30 12:40:00',72.43,140.98),(2664,2,'2021-06-30 13:00:00',74.53,155.42),(2665,2,'2021-06-30 13:20:00',75.63,172.84),(2666,2,'2021-06-30 13:40:00',75.48,191.33),(2667,2,'2021-06-30 14:00:00',74.13,208.16),(2668,2,'2021-06-30 14:20:00',71.84,221.85),(2669,2,'2021-06-30 14:40:00',68.92,232.47),(2670,2,'2021-06-30 15:00:00',65.6,240.72),(2671,2,'2021-06-30 15:20:00',62.03,247.3),(2672,2,'2021-06-30 15:40:00',58.3,252.71),(2673,2,'2021-06-30 16:00:00',54.46,257.29),(2674,2,'2021-06-30 16:20:00',50.56,261.29),(2675,2,'2021-06-30 16:40:00',46.62,264.87),(2676,2,'2021-06-30 17:00:00',42.65,268.15),(2677,2,'2021-06-30 17:20:00',38.68,271.2),(2678,2,'2021-06-30 17:40:00',34.72,274.1),(2679,2,'2021-06-30 18:00:00',30.76,276.9),(2680,2,'2021-06-30 18:20:00',26.83,279.62),(2681,2,'2021-06-30 18:40:00',22.94,282.31),(2682,2,'2021-06-30 19:00:00',19.08,284.98),(2683,2,'2021-06-30 19:20:00',15.27,287.68),(2684,2,'2021-06-30 19:40:00',11.51,290.41),(2685,2,'2021-06-30 20:00:00',7.82,293.19),(2686,2,'2021-06-30 20:20:00',4.21,296.06),(2687,2,'2021-06-30 20:40:00',0.69,299.02),(2688,2,'2021-06-30 21:00:00',-2.73,302.09),(2689,2,'2021-06-30 21:20:00',-6.03,305.3),(2690,2,'2021-06-30 21:40:00',-9.2,308.65),(2691,2,'2021-07-01 07:20:00',12.31,70.22),(2692,2,'2021-07-01 07:40:00',16.07,72.94),(2693,2,'2021-07-01 08:00:00',19.9,75.63),(2694,2,'2021-07-01 08:20:00',23.76,78.31),(2695,2,'2021-07-01 08:40:00',27.67,81.01),(2696,2,'2021-07-01 09:00:00',31.6,83.75),(2697,2,'2021-07-01 09:20:00',35.56,86.57),(2698,2,'2021-07-01 09:40:00',39.53,89.5),(2699,2,'2021-07-01 10:00:00',43.5,92.61),(2700,2,'2021-07-01 10:20:00',47.46,95.95),(2701,2,'2021-07-01 10:40:00',51.39,99.62),(2702,2,'2021-07-01 11:00:00',55.28,103.74),(2703,2,'2021-07-01 11:20:00',59.09,108.48),(2704,2,'2021-07-01 11:40:00',62.79,114.12),(2705,2,'2021-07-01 12:00:00',66.31,121.03),(2706,2,'2021-07-01 12:20:00',69.55,129.74),(2707,2,'2021-07-01 12:40:00',72.35,140.98),(2708,2,'2021-07-01 13:00:00',74.45,155.36),(2709,2,'2021-07-01 13:20:00',75.56,172.69),(2710,2,'2021-07-01 13:40:00',75.42,191.11),(2711,2,'2021-07-01 14:00:00',74.08,207.92),(2712,2,'2021-07-01 14:20:00',71.81,221.61),(2713,2,'2021-07-01 14:40:00',68.9,232.25),(2714,2,'2021-07-01 15:00:00',65.59,240.53),(2715,2,'2021-07-01 15:20:00',62.02,247.13),(2716,2,'2021-07-01 15:40:00',58.3,252.55),(2717,2,'2021-07-01 16:00:00',54.46,257.15),(2718,2,'2021-07-01 16:20:00',50.56,261.16),(2719,2,'2021-07-01 16:40:00',46.62,264.75),(2720,2,'2021-07-01 17:00:00',42.66,268.03),(2721,2,'2021-07-01 17:20:00',38.69,271.1),(2722,2,'2021-07-01 17:40:00',34.72,274),(2723,2,'2021-07-01 18:00:00',30.77,276.8),(2724,2,'2021-07-01 18:20:00',26.84,279.53),(2725,2,'2021-07-01 18:40:00',22.94,282.22),(2726,2,'2021-07-01 19:00:00',19.08,284.9),(2727,2,'2021-07-01 19:20:00',15.26,287.59),(2728,2,'2021-07-01 19:40:00',11.51,290.32);
/*!40000 ALTER TABLE `sunposition` ENABLE KEYS */;
UNLOCK TABLES;
/*!40103 SET TIME_ZONE=@OLD_TIME_ZONE */;

/*!40101 SET SQL_MODE=@OLD_SQL_MODE */;
/*!40014 SET FOREIGN_KEY_CHECKS=@OLD_FOREIGN_KEY_CHECKS */;
/*!40014 SET UNIQUE_CHECKS=@OLD_UNIQUE_CHECKS */;
/*!40101 SET CHARACTER_SET_CLIENT=@OLD_CHARACTER_SET_CLIENT */;
/*!40101 SET CHARACTER_SET_RESULTS=@OLD_CHARACTER_SET_RESULTS */;
/*!40101 SET COLLATION_CONNECTION=@OLD_COLLATION_CONNECTION */;
/*!40111 SET SQL_NOTES=@OLD_SQL_NOTES */;

-- Dump completed on 2021-06-04 20:02:14
